<?xml version="1.0" encoding="utf-8"?>
<AnalysisParameters>
  <AnalysisRule Name="ex0004">
    <Parameters>
      <Param Name="IdentifierName"></Param>
      <Param Name="CaseSensitive">no</Param>
    </Parameters>
  </AnalysisRule>
  <AnalysisRule Name="ex0006">
    <Parameters>
      <Param Name="ForeignKeyColumnNamePattern">{column_name}</Param>
    </Parameters>
  </AnalysisRule>
  <AnalysisRule Name="ex0007">
    <Parameters>
      <Param Name="IncludeEvents">yes</Param>
    </Parameters>
  </AnalysisRule>
  <AnalysisRule Name="ex0009">
    <Parameters>
      <Param Name="AuthorLineTemplate">Author\s*:\s*\w+</Param>
      <Param Name="CreatedDateLineTemplate">Create Date\s*:.</Param>
      <Param Name="UpdatedDateLineTemplate">Update Date\s*:.</Param>
      <Param Name="UpdatedByLineTemplate">Update By\s*:\s*\w+</Param>
      <Param Name="DescriptionLiteTemplate">Description\s*:.</Param>
    </Parameters>
  </AnalysisRule>
  <AnalysisRule Name="ex0011">
    <Parameters>
      <Param Name="IndexEfficiencyMininumPercent">100</Param>
      <Param Name="IndexMinimumNumberOfRows">10000</Param>
    </Parameters>
  </AnalysisRule>
  <AnalysisRule Name="ex0013">
    <Parameters>
      <Param Name="MaximumAllowedFragmentation">5</Param>
      <Param Name="MinimumPagesCount">1000</Param>
      <Param Name="MaximumFragmentationForReorgainizeIndex">30</Param>
    </Parameters>
  </AnalysisRule>
  <AnalysisRule Name="ex0014">
    <Parameters>
      <Param Name="FilterJobsWithStatus">(All)</Param>
    </Parameters>
  </AnalysisRule>
  <AnalysisRule Name="ex0018">
    <Parameters>
      <Param Name="CheckForTableScanOperatorsCost">10</Param>
      <Param Name="CheckForIndexScanOperatorsCost">10</Param>
      <Param Name="CheckForBookmarkLookupOperatorsCost">10</Param>
      <Param Name="CheckForSortOperatorsCost">10</Param>
      <Param Name="CheckForHashMatchOperatorsCost">10</Param>
      <Param Name="CheckForOperationsWithCost">100</Param>
      <Param Name="ExpandMode">ExpandAll</Param>
      <Param Name="ShowInvalidObjectErrors">no</Param>
    </Parameters>
  </AnalysisRule>
  <AnalysisRule Name="sa0002">
    <Parameters>
      <Param Name="IgnoreDefaultValueAssignment">no</Param>
    </Parameters>
  </AnalysisRule>
  <AnalysisRule Name="sa0003">
    <Parameters>
      <Param Name="IgnoreTableVariables">yes</Param>
      <Param Name="RuleSuppressMark">IGNORE:SA0003</Param>
    </Parameters>
  </AnalysisRule>
  <AnalysisRule Name="sa0004">
    <Parameters>
      <Param Name="IgnoreConditionalAssignments">yes</Param>
      <Param Name="IgnoreTableVariables">yes</Param>
      <Param Name="RuleSuppressMark">IGNORE:SA0004</Param>
    </Parameters>
  </AnalysisRule>
  <AnalysisRule Name="sa0007">
    <Parameters>
      <Param Name="RuleSuppressMark">IGNORE:SA0007</Param>
    </Parameters>
  </AnalysisRule>
  <AnalysisRule Name="sa0010">
    <Parameters>
      <Param Name="RuleSuppressMark">IGNORE:SA0010</Param>
      <Param Name="ConsiderXactAbortSetting">yes</Param>
      <Param Name="IgnoreStatementsInExplicitTransaction">yes</Param>
    </Parameters>
  </AnalysisRule>
  <AnalysisRule Name="sa0011">
    <Parameters>
      <Param Name="IgnoreWhenInExistsClause">yes</Param>
    </Parameters>
  </AnalysisRule>
  <AnalysisRule Name="sa0013">
    <Parameters>
      <Param Name="AllowPrint">yes</Param>
    </Parameters>
  </AnalysisRule>
  <AnalysisRule Name="sa0018">
    <Parameters>
      <Param Name="RuleSuppressMark">IGNORE:SA0018</Param>
      <Param Name="IgnoreOredrByInOverClause">yes</Param>
    </Parameters>
  </AnalysisRule>
  <AnalysisRule Name="sa0019">
    <Parameters>
      <Param Name="RuleSuppressMark">IGNORE:SA0019</Param>
    </Parameters>
  </AnalysisRule>
  <AnalysisRule Name="sa0020">
    <Parameters>
      <Param Name="RuleSuppressMark">IGNORE:SA0020</Param>
    </Parameters>
  </AnalysisRule>
  <AnalysisRule Name="sa0023">
    <Parameters>
      <Param Name="RuleSuppressMark">IGNORE:SA0023</Param>
    </Parameters>
  </AnalysisRule>
  <AnalysisRule Name="sa0027">
    <Parameters>
      <Param Name="RuleSuppressMark">IGNORE:SA0027</Param>
      <Param Name="IgnoreFunctionsList">IsNull,GetDate,DatePart,DateName,DateDiff,DateAdd</Param>
      <Param Name="IgnoreUserDefinedFunctions">no</Param>
      <Param Name="IgnoreBuiltInFunctions">no</Param>
    </Parameters>
  </AnalysisRule>
  <AnalysisRule Name="sa0028">
    <Parameters>
      <Param Name="RuleSuppressMark">IGNORE:SA0028</Param>
      <Param Name="IgnoreFunctionsList">GetDate</Param>
    </Parameters>
  </AnalysisRule>
  <AnalysisRule Name="sa0029">
    <Parameters>
      <Param Name="RuleSuppressMark">IGNORE:SA0029</Param>
    </Parameters>
  </AnalysisRule>
  <AnalysisRule Name="sa0030">
    <Parameters>
      <Param Name="RuleSuppressMark">IGNORE:SA0030</Param>
    </Parameters>
  </AnalysisRule>
  <AnalysisRule Name="sa0032">
    <Parameters>
      <Param Name="RuleSuppressMark">IGNORE:SA0032</Param>
    </Parameters>
  </AnalysisRule>
  <AnalysisRule Name="sa0036">
    <Parameters>
      <Param Name="IgnoreTempTargetTables">yes</Param>
      <Param Name="ConsiderJoinOnClausesAsFilter">no</Param>
      <Param Name="IgnoreFiltredCteTargetTables">yes</Param>
      <Param Name="RuleSuppressMark">IGNORE:SA0036</Param>
    </Parameters>
  </AnalysisRule>
  <AnalysisRule Name="sa0037">
    <Parameters>
      <Param Name="IgnoreTempTargetTables">yes</Param>
      <Param Name="ConsiderJoinOnClausesAsFilter">no</Param>
      <Param Name="IgnoreFiltredCteTargetTables">yes</Param>
      <Param Name="RuleSuppressMark">IGNORE:SA0037</Param>
    </Parameters>
  </AnalysisRule>
  <AnalysisRule Name="sa0040">
    <Parameters>
      <Param Name="IndexedColumnsOnly">yes</Param>
      <Param Name="RuleSuppressMark">IGNORE:SA0040</Param>
    </Parameters>
  </AnalysisRule>
  <AnalysisRule Name="sa0044">
    <Parameters>
      <Param Name="MinimumRowsCount">0</Param>
    </Parameters>
  </AnalysisRule>
  <AnalysisRule Name="sa0045">
    <Parameters>
      <Param Name="EvaluationMode">ModifiedRows</Param>
      <Param Name="ExpirationDays">3</Param>
    </Parameters>
  </AnalysisRule>
  <AnalysisRule Name="sa0047">
    <Parameters>
      <Param Name="RuleSuppressMark">IGNORE:SA0047</Param>
      <Param Name="MinimumParentTableRowCount">1000</Param>
    </Parameters>
  </AnalysisRule>
  <AnalysisRule Name="sa0048">
    <Parameters>
      <Param Name="RequiredKeyType">PrimaryOrUnique</Param>
    </Parameters>
  </AnalysisRule>
  <AnalysisRule Name="sa0048b">
    <Parameters>
      <Param Name="RuleSuppressMark">IGNORE:SA0048B</Param>
    </Parameters>
  </AnalysisRule>
  <AnalysisRule Name="sa0049b">
    <Parameters>
      <Param Name="RuleSuppressMark">IGNORE:SA0049B</Param>
    </Parameters>
  </AnalysisRule>
  <AnalysisRule Name="sa0050b">
    <Parameters>
      <Param Name="RuleSuppressMark">IGNORE:SA0050</Param>
    </Parameters>
  </AnalysisRule>
  <AnalysisRule Name="sa0051">
    <Parameters>
      <Param Name="RuleSuppressMark">IGNORE:SA0051</Param>
    </Parameters>
  </AnalysisRule>
  <AnalysisRule Name="sa0056">
    <Parameters>
      <Param Name="MaximumNonOverlappingKeyColumns">5</Param>
    </Parameters>
  </AnalysisRule>
  <AnalysisRule Name="sa0057">
    <Parameters>
      <Param Name="CheckForNotInOnly">no</Param>
      <Param Name="RuleSuppressMark">IGNORE:SA0057</Param>
    </Parameters>
  </AnalysisRule>
  <AnalysisRule Name="sa0058">
    <Parameters>
      <Param Name="RuleSuppressMark">IGNORE:SA0058</Param>
      <Param Name="MatchInWhereAndJoinOnly">yes</Param>
    </Parameters>
  </AnalysisRule>
  <AnalysisRule Name="sa0059a">
    <Parameters>
      <Param Name="Collation">Database Collation</Param>
    </Parameters>
  </AnalysisRule>
  <AnalysisRule Name="sa0059b">
    <Parameters>
      <Param Name="Collation">Database Collation</Param>
    </Parameters>
  </AnalysisRule>
  <AnalysisRule Name="sa0061a">
    <Parameters>
      <Param Name="NamePattern">regexp:[A-Z][A-Za-z]+</Param>
    </Parameters>
  </AnalysisRule>
  <AnalysisRule Name="sa0061b">
    <Parameters>
      <Param Name="NamePattern">regexp:[A-Z][A-Za-z1-9_]+</Param>
      <Param Name="TemporaryTableNamePattern">regexp:[A-Z][A-Za-z1-9_]+</Param>
    </Parameters>
  </AnalysisRule>
  <AnalysisRule Name="sa0062a">
    <Parameters>
      <Param Name="SclarFunctionNamePattern">regexp:ufn[A-Z][A-Za-z1-9_]+</Param>
      <Param Name="TableValuedFunctionNamePattern">regexp:ufn[A-Z][A-Za-z1-9_]+</Param>
      <Param Name="AggregateFunctionNamePattern">regexp:ufn[A-Z][A-Za-z1-9_]+</Param>
      <Param Name="PartitionFunctionNamePattern">regexp:[A-Z][A-Za-z1-9_]+PFN</Param>
    </Parameters>
  </AnalysisRule>
  <AnalysisRule Name="sa0062b">
    <Parameters>
      <Param Name="SclarFunctionNamePattern">regexp:ufn[A-Z][A-Za-z1-9_]+</Param>
      <Param Name="TableValuedFunctionNamePattern">regexp:ufn[A-Z][A-Za-z1-9_]+</Param>
      <Param Name="AggregateFunctionNamePattern">regexp:ufn[A-Z][A-Za-z1-9_]+</Param>
      <Param Name="PartitionFunctionNamePattern">regexp:[A-Z][A-Za-z1-9_]+PFN</Param>
    </Parameters>
  </AnalysisRule>
  <AnalysisRule Name="sa0063a">
    <Parameters>
      <Param Name="NamePattern">regexp:v[A-Z][A-Za-z1-9_]+</Param>
    </Parameters>
  </AnalysisRule>
  <AnalysisRule Name="sa0063b">
    <Parameters>
      <Param Name="NamePattern">regexp:v[A-Z][A-Za-z1-9_]+</Param>
    </Parameters>
  </AnalysisRule>
  <AnalysisRule Name="sa0064a">
    <Parameters>
      <Param Name="NamePattern">regexp:usp[A-Z][A-Za-z]+</Param>
    </Parameters>
  </AnalysisRule>
  <AnalysisRule Name="sa0064b">
    <Parameters>
      <Param Name="NamePattern">regexp:usp[A-Z][A-Za-z]+</Param>
    </Parameters>
  </AnalysisRule>
  <AnalysisRule Name="sa0065a">
    <Parameters>
      <Param Name="DmlTriggerNamePattern">trig_{trigger_events}{table_name}</Param>
      <Param Name="DdlTriggerNamePattern">regexp:{trigger_events}[A-Z][A-Za-z1-9_]+</Param>
      <Param Name="InsertEventName">i</Param>
      <Param Name="UpdateEventName">u</Param>
      <Param Name="DeleteEventName">d</Param>
      <Param Name="TriggerEventsListSeparator"></Param>
      <Param Name="DdlTriggerEventNames">Use first letter of each word (lowercase)</Param>
    </Parameters>
  </AnalysisRule>
  <AnalysisRule Name="sa0065b">
    <Parameters>
      <Param Name="DmlTriggerNamePattern">trig_{trigger_events}{table_name}</Param>
      <Param Name="DdlTriggerNamePattern">regexp:{trigger_events}[A-Z][A-Za-z1-9_]+</Param>
      <Param Name="InsertEventName">i</Param>
      <Param Name="UpdateEventName">u</Param>
      <Param Name="DeleteEventName">d</Param>
      <Param Name="TriggerEventsListSeparator"></Param>
      <Param Name="DdlTriggerEventNames">Use first letter of each word (lowercase)</Param>
    </Parameters>
  </AnalysisRule>
  <AnalysisRule Name="sa0066a">
    <Parameters>
      <Param Name="GeneralColumnNamePattern">regexp:[A-Z][A-Za-z1-9]+</Param>
      <Param Name="PrimaryKeyColumnNamePattern">{table_name}ID</Param>
      <Param Name="ForeignKeyColumnNamePattern">{referenced_column}</Param>
      <Param Name="BitColumnNamePattern">regexp:[A-Z][A-Za-z1-9]+</Param>
      <Param Name="StringColumnNamePattern">regexp:[A-Z][A-Za-z1-9]+</Param>
      <Param Name="DateTimeColumnNamePattern">regexp:[A-Z][A-Za-z1-9]+</Param>
      <Param Name="NumericColumnNamePattern">regexp:[A-Z][A-Za-z1-9]+</Param>
      <Param Name="BinaryColumnNamePattern">regexp:[A-Z][A-Za-z1-9]+</Param>
      <Param Name="GeographyColumnNamePattern">regexp:[A-Z][A-Za-z1-9]+</Param>
      <Param Name="HierarchyidColumnNamePattern">regexp:[A-Z][A-Za-z1-9]+</Param>
      <Param Name="UniqueidentifierColumnNamePattern">regexp:[A-Z][A-Za-z1-9]+</Param>
      <Param Name="XmlColumnNamePattern">regexp:[A-Z][A-Za-z1-9]+</Param>
      <Param Name="SqlVariantColumnNamePattern">regexp:[A-Z][A-Za-z1-9]+</Param>
      <Param Name="TableColumnNamePattern">regexp:[A-Z][A-Za-z1-9]+</Param>
      <Param Name="TimestampColumnNamePattern">regexp:[A-Z][A-Za-z1-9]+</Param>
    </Parameters>
  </AnalysisRule>
  <AnalysisRule Name="sa0067a">
    <Parameters>
      <Param Name="NamePattern">UK_{table_name}_{column_list}</Param>
      <Param Name="ColumnsListSeparator">_</Param>
    </Parameters>
  </AnalysisRule>
  <AnalysisRule Name="sa0068a">
    <Parameters>
      <Param Name="ColumnConstraintNamePattern">CK_{table_name}_{column_name}</Param>
      <Param Name="TableConstraintNamePattern">regexp:CK_{table_name}_[A-Za-z_]+</Param>
    </Parameters>
  </AnalysisRule>
  <AnalysisRule Name="sa0069a">
    <Parameters>
      <Param Name="NamePattern">DF_{table_name}_{column_name}</Param>
    </Parameters>
  </AnalysisRule>
  <AnalysisRule Name="sa0070a">
    <Parameters>
      <Param Name="NamePattern">regexp:PK_[A-Z][A-Za-z_]+</Param>
      <Param Name="ColumnsListSeparator">_</Param>
    </Parameters>
  </AnalysisRule>
  <AnalysisRule Name="sa0071a">
    <Parameters>
      <Param Name="NamePattern">regexp:FK_[A-Z][A-Za-z_]+</Param>
      <Param Name="ColumnsListSeparator">_</Param>
      <Param Name="PairedColumnsSeparator"></Param>
    </Parameters>
  </AnalysisRule>
  <AnalysisRule Name="sa0072a">
    <Parameters>
      <Param Name="ClusteredIndexNamePattern">CIX_{table_name}_{column_list}</Param>
      <Param Name="ClusteredUniqueIndexNamePattern">IX_{table_name}_{column_list}</Param>
      <Param Name="ColumnsListSeparator">_</Param>
      <Param Name="NonClusteredIndexNamePattern">IX_{table_name}_{column_list}</Param>
      <Param Name="NonClusteredUniqueIndexNamePattern">AK_{table_name}_{column_list}</Param>
      <Param Name="SpatialIndexNamePattern">SIdx_{table_name}_{column_list}</Param>
      <Param Name="XmlIndexPrimaryNamePattern">PXML_{table_name}_{column_list}</Param>
      <Param Name="XmlIndexSecondaryTypePathNamePattern">XMLPATH_{table_name}_{column_list}</Param>
      <Param Name="XmlIndexSecondaryTypePropertyNamePattern">XMLPROPERTY_{table_name}_{column_list}</Param>
      <Param Name="XmlIndexSecondaryTypeValueNamePattern">XMLVALUE_{table_name}_{column_list}</Param>
    </Parameters>
  </AnalysisRule>
  <AnalysisRule Name="sa0073a">
    <Parameters>
      <Param Name="NamePattern">regexp:[A-Z][A-Za-z]+</Param>
    </Parameters>
  </AnalysisRule>
  <AnalysisRule Name="sa0074a">
    <Parameters>
      <Param Name="NamePattern">regexp:[A-Z][A-Za-z]+</Param>
    </Parameters>
  </AnalysisRule>
  <AnalysisRule Name="sa0076">
    <Parameters>
      <Param Name="RuleSuppressMark">IGNORE:SA0076</Param>
      <Param Name="ConsiderPrimaryKeysOnly">no</Param>
      <Param Name="RequireKeyWithClusteredIndex">no</Param>
      <Param Name="SkipStatementsNotHavingWhereClause">yes</Param>
      <Param Name="ConsiderJoinedTableUniqueKey">yes</Param>
      <Param Name="CheckWhereClauseConditions">yes</Param>
      <Param Name="CheckJoinOnClauseConditions">no</Param>
    </Parameters>
  </AnalysisRule>
  <AnalysisRule Name="sa0080">
    <Parameters>
      <Param Name="RuleSuppressMark">IGNORE:SA0080</Param>
    </Parameters>
  </AnalysisRule>
  <AnalysisRule Name="sa0081">
    <Parameters>
      <Param Name="RuleSuppressMark">IGNORE:SA0081</Param>
      <Param Name="RequireNumericToHaveBothScaleAndPrecision">yes</Param>
      <Param Name="RequireDecimalToHaveBothScaleAndPrecision">yes</Param>
    </Parameters>
  </AnalysisRule>
  <AnalysisRule Name="sa0082">
    <Parameters>
      <Param Name="RuleSuppressMark">IGNORE:SA0082</Param>
      <Param Name="IgnoreSingleTableSources">yes</Param>
      <Param Name="CheckAliasedColumnExists">yes</Param>
    </Parameters>
  </AnalysisRule>
  <AnalysisRule Name="sa0083">
    <Parameters>
      <Param Name="CheckPeriodInDays">7</Param>
    </Parameters>
  </AnalysisRule>
  <AnalysisRule Name="sa0085">
    <Parameters>
      <Param Name="DatabaseRequiredProperties">MS_Description</Param>
      <Param Name="FunctionRequiredProperties">MS_Description</Param>
      <Param Name="StoredProcedureRequiredProperties">MS_Description</Param>
      <Param Name="ViewRequiredProperties">MS_Description</Param>
      <Param Name="TableRequiredProperties">MS_Description</Param>
      <Param Name="TriggerRequiredProperties">MS_Description</Param>
      <Param Name="DatabasePrincipalRequiredProperties">MS_Description</Param>
      <Param Name="SchemaRequiredProperties">MS_Description</Param>
      <Param Name="DataTypeRequiredProperties">MS_Description</Param>
      <Param Name="AssemblyRequiredProperties">MS_Description</Param>
      <Param Name="MessageTypeRequiredProperties">MS_Description</Param>
      <Param Name="RuleRequiredProperties">MS_Description</Param>
      <Param Name="DefaultRequiredProperties">MS_Description</Param>
      <Param Name="ServiceRequiredProperties">MS_Description</Param>
      <Param Name="ServiceBindingRequiredProperties">MS_Description</Param>
      <Param Name="ServiceContractRequiredProperties">MS_Description</Param>
      <Param Name="RouteRequiredProperties">MS_Description</Param>
      <Param Name="XmlSchemaCollectionRequiredProperties">MS_Description</Param>
      <Param Name="DataSpaceRequiredProperties">MS_Description</Param>
      <Param Name="FileGroupRequiredProperties">MS_Description</Param>
      <Param Name="PartitionFunctionRequiredProperties">MS_Description</Param>
      <Param Name="DatabaseFileRequiredProperties">MS_Description</Param>
      <Param Name="PrimaryKeyConstraintRequiredProperties">MS_Description</Param>
      <Param Name="CheckConstraintRequiredProperties">MS_Description</Param>
      <Param Name="ForeignKeyConstraintRequiredProperties">MS_Description</Param>
      <Param Name="SynonymRequiredProperties">MS_Description</Param>
      <Param Name="IndexRequiredProperties">MS_Description</Param>
      <Param Name="ColumnRequiredProperties">MS_Description</Param>
      <Param Name="ParameterRequiredProperties">MS_Description</Param>
      <Param Name="UniqueConstraintRequiredProperties">MS_Description</Param>
      <Param Name="DefaultConstraintRequiredProperties">MS_Description</Param>
    </Parameters>
  </AnalysisRule>
  <AnalysisRule Name="sa0090">
    <Parameters>
      <Param Name="IgnoreLogins">-</Param>
    </Parameters>
  </AnalysisRule>
  <AnalysisRule Name="sa0095">
    <Parameters>
      <Param Name="RequireUpdatedColumnTableChangeTrackingEnabled">no</Param>
      <Param Name="RequireUpdatedColumnInClusteredIndex">no</Param>
      <Param Name="RequireUpdatedColumnInPrinaryKey">yes</Param>
      <Param Name="RequireUpdatedColumnInUniqueIndex">no</Param>
      <Param Name="RequireUpdatedColumnForeignKeykReferenced">no</Param>
    </Parameters>
  </AnalysisRule>
  <AnalysisRule Name="sa0097">
    <Parameters>
      <Param Name="ComplexityThreshold">11</Param>
    </Parameters>
  </AnalysisRule>
  <AnalysisRule Name="sa0099">
    <Parameters>
      <Param Name="ExpirationDays">1</Param>
    </Parameters>
  </AnalysisRule>
  <AnalysisRule Name="sa0100">
    <Parameters>
      <Param Name="ExpirationDays">7</Param>
    </Parameters>
  </AnalysisRule>
  <AnalysisRule Name="sa0101">
    <Parameters>
      <Param Name="RuleSuppressMark">IGNORE:SA0101</Param>
    </Parameters>
  </AnalysisRule>
  <AnalysisRule Name="sa0102">
    <Parameters>
      <Param Name="RuleSuppressMark">IGNORE:SA0102</Param>
    </Parameters>
  </AnalysisRule>
  <AnalysisRule Name="sa0103">
    <Parameters>
      <Param Name="RuleSuppressMark">IGNORE:SA0103</Param>
    </Parameters>
  </AnalysisRule>
  <AnalysisRule Name="sa0104">
    <Parameters>
      <Param Name="RuleSuppressMark">IGNORE:SA0104</Param>
    </Parameters>
  </AnalysisRule>
  <AnalysisRule Name="sa0105">
    <Parameters>
      <Param Name="RuleSuppressMark">IGNORE:SA0105</Param>
    </Parameters>
  </AnalysisRule>
  <AnalysisRule Name="sa0106">
    <Parameters>
      <Param Name="RuleSuppressMark">IGNORE:SA0106</Param>
      <Param Name="IgnoreOrWithIsNull">yes</Param>
    </Parameters>
  </AnalysisRule>
  <AnalysisRule Name="sa0107">
    <Parameters>
      <Param Name="RuleSuppressMark">IGNORE:SA0107</Param>
    </Parameters>
  </AnalysisRule>
  <AnalysisRule Name="sa0108">
    <Parameters>
      <Param Name="RuleSuppressMark">IGNORE:SA0108</Param>
    </Parameters>
  </AnalysisRule>
  <AnalysisRule Name="sa0109">
    <Parameters>
      <Param Name="RuleSuppressMark">IGNORE:SA0109</Param>
    </Parameters>
  </AnalysisRule>
  <AnalysisRule Name="sa0110">
    <Parameters>
      <Param Name="RuleSuppressMark">IGNORE:SA0110</Param>
      <Param Name="IgnoreIfStatementsWhichDoNotContainDmlOrDddlStaetmetns">yes</Param>
    </Parameters>
  </AnalysisRule>
  <AnalysisRule Name="sa0111">
    <Parameters>
      <Param Name="RuleSuppressMark">IGNORE:SA0111</Param>
    </Parameters>
  </AnalysisRule>
  <AnalysisRule Name="sa0112b">
    <Parameters>
      <Param Name="RuleSuppressMark">IGNORE:SA0112</Param>
    </Parameters>
  </AnalysisRule>
  <AnalysisRule Name="sa0113">
    <Parameters>
      <Param Name="RuleSuppressMark">IGNORE:SA0113</Param>
    </Parameters>
  </AnalysisRule>
  <AnalysisRule Name="sa0115">
    <Parameters>
      <Param Name="RuleSuppressMark">IGNORE:SA0115</Param>
    </Parameters>
  </AnalysisRule>
  <AnalysisRule Name="sa0116">
    <Parameters>
      <Param Name="RuleSuppressMark">IGNORE:SA0116</Param>
    </Parameters>
  </AnalysisRule>
  <AnalysisRule Name="sa0117">
    <Parameters>
      <Param Name="RuleSuppressMark">IGNORE:SA0117</Param>
    </Parameters>
  </AnalysisRule>
  <AnalysisRule Name="sa0118">
    <Parameters>
      <Param Name="RuleSuppressMark">IGNORE:SA0118</Param>
    </Parameters>
  </AnalysisRule>
  <AnalysisRule Name="sa0119">
    <Parameters>
      <Param Name="RuleSuppressMark">IGNORE:SA0119</Param>
      <Param Name="IgnoreSingleTableSources">yes</Param>
      <Param Name="IgnoreTableValuesFunctions">yes</Param>
      <Param Name="IgnoreSystemObjects">yes</Param>
    </Parameters>
  </AnalysisRule>
  <AnalysisRule Name="sa0120">
    <Parameters>
      <Param Name="RuleSuppressMark">IGNORE:SA0120</Param>
    </Parameters>
  </AnalysisRule>
  <AnalysisRule Name="sa0121">
    <Parameters>
      <Param Name="RuleSuppressMark">IGNORE:SA0121</Param>
    </Parameters>
  </AnalysisRule>
  <AnalysisRule Name="sa0122">
    <Parameters>
      <Param Name="RuleSuppressMark">IGNORE:SA0122</Param>
      <Param Name="IgnoreNullableColumnToNullableColumnAssignment">yes</Param>
      <Param Name="IgnoreNullableColumnInOuterJoin">yes</Param>
      <Param Name="IgnoreNullableColumnComparedToConstant">yes</Param>
      <Param Name="IgnoreNullableForeignKeyColumnComparedToReferencedKeyInJoinClause">yes</Param>
    </Parameters>
  </AnalysisRule>
  <AnalysisRule Name="sa0123">
    <Parameters>
      <Param Name="RuleSuppressMark">IGNORE:SA0123</Param>
    </Parameters>
  </AnalysisRule>
  <AnalysisRule Name="sa0124">
    <Parameters>
      <Param Name="RuleSuppressMark">IGNORE:SA0124</Param>
      <Param Name="OutputResolvedTypes">yes</Param>
      <Param Name="IgnoreUnresolvedTypes">yes</Param>
    </Parameters>
  </AnalysisRule>
  <AnalysisRule Name="sa0125">
    <Parameters>
      <Param Name="RuleSuppressMark">IGNORE:SA0125</Param>
    </Parameters>
  </AnalysisRule>
  <AnalysisRule Name="sa0126">
    <Parameters>
      <Param Name="RuleSuppressMark">IGNORE:SA0126</Param>
      <Param Name="OutputResolvedTypes">yes</Param>
      <Param Name="IgnoreUnresolvedTypes">yes</Param>
    </Parameters>
  </AnalysisRule>
  <AnalysisRule Name="sa0127">
    <Parameters>
      <Param Name="RuleSuppressMark">IGNORE:SA0127</Param>
      <Param Name="IgnoreFunctionsList">IsNull,GetDate,DatePart,DateName,DateDiff,DateAdd</Param>
      <Param Name="IngoreUserDefinedFunctions">yes</Param>
    </Parameters>
  </AnalysisRule>
  <AnalysisRule Name="sa0128">
    <Parameters>
      <Param Name="RuleSuppressMark">IGNORE:SA0128</Param>
      <Param Name="IgnoreCorrelatedQueriesInsideExistsClause">yes</Param>
    </Parameters>
  </AnalysisRule>
  <AnalysisRule Name="sa0129">
    <Parameters>
      <Param Name="RuleSuppressMark">IGNORE:SA0129</Param>
      <Param Name="IgnoreExecDynamicSqlAfterExecuteAsStatement">no</Param>
      <Param Name="IgnoreExecDynamicSqlHavingAsUserClause">no</Param>
    </Parameters>
  </AnalysisRule>
  <AnalysisRule Name="sa0130">
    <Parameters>
      <Param Name="RuleSuppressMark">IGNORE:SA0130</Param>
      <Param Name="ConsiderXactAbortSetting">yes</Param>
      <Param Name="ReportFirstStatementOnly">yes</Param>
    </Parameters>
  </AnalysisRule>
  <AnalysisRule Name="sa0131">
    <Parameters>
      <Param Name="RuleSuppressMark">IGNORE:SA0131</Param>
      <Param Name="RowLimit">100000</Param>
    </Parameters>
  </AnalysisRule>
  <AnalysisRule Name="sa0132">
    <Parameters>
      <Param Name="RuleSuppressMark">IGNORE:SA0132</Param>
      <Param Name="OutputResolvedTypes">yes</Param>
      <Param Name="IgnoreUnresolvedTypes">yes</Param>
    </Parameters>
  </AnalysisRule>
  <AnalysisRule Name="sa0133">
    <Parameters>
      <Param Name="RuleSuppressMark">IGNORE:SA0133</Param>
    </Parameters>
  </AnalysisRule>
  <AnalysisRule Name="sa0134">
    <Parameters>
      <Param Name="RuleSuppressMark">IGNORE:SA0134</Param>
    </Parameters>
  </AnalysisRule>
  <AnalysisRule Name="sa0135">
    <Parameters>
      <Param Name="RuleSuppressMark">IGNORE:SA0135</Param>
      <Param Name="IgnoreFunctionsList">-</Param>
    </Parameters>
  </AnalysisRule>
  <AnalysisRule Name="sa0136">
    <Parameters>
      <Param Name="AllowMissingIdentifiers">yes</Param>
      <Param Name="AllowSinglePartName">no</Param>
      <Param Name="AllowTwoPartName">yes</Param>
      <Param Name="AllowThreePartName">yes</Param>
      <Param Name="AllowFourPartName">yes</Param>
    </Parameters>
  </AnalysisRule>
  <AnalysisRule Name="sa0143">
    <Parameters>
      <Param Name="MaxMemoryAdhocPlanCache">20%</Param>
    </Parameters>
  </AnalysisRule>
  <AnalysisRule Name="sa0144">
    <Parameters>
      <Param Name="RuleSuppressMark">IGNORE:SA0144</Param>
    </Parameters>
  </AnalysisRule>
  <AnalysisRule Name="sa0145">
    <Parameters>
      <Param Name="RuleSuppressMark">IGNORE:SA0145</Param>
    </Parameters>
  </AnalysisRule>
  <AnalysisRule Name="sa0146">
    <Parameters>
      <Param Name="RuleSuppressMark">IGNORE:SA0146</Param>
    </Parameters>
  </AnalysisRule>
  <AnalysisRule Name="sa0147">
    <Parameters>
      <Param Name="ComplexityThreshold">20</Param>
      <Param Name="JoinComplexity">1</Param>
      <Param Name="HintComplexity">1</Param>
      <Param Name="GroupByComplexity">1</Param>
      <Param Name="OrderByComplexity">1</Param>
      <Param Name="HavingComplexity">1</Param>
      <Param Name="ComputeComplexity">1</Param>
      <Param Name="UnionComplexity">1</Param>
      <Param Name="CteComplexity">1</Param>
      <Param Name="BooleanExpressionComplexity">1</Param>
      <Param Name="TargetComplexity">1</Param>
    </Parameters>
  </AnalysisRule>
  <AnalysisRule Name="sa0148">
    <Parameters>
      <Param Name="RuleSuppressMark">IGNORE:SA0148</Param>
    </Parameters>
  </AnalysisRule>
</AnalysisParameters>