<?xml version="1.0"?>
<doc>
    <assembly>
        <name>Ubitsoft.SqlEnlight.Sdk</name>
    </assembly>
    <members>
        <member name="T:Ubitsoft.SqlEnlight.Sdk.SqlIdentifierKind">
            <summary>
             Enumeration for possible kinds of T-SQL identifiers.
            </summary>
        </member>
        <member name="T:Ubitsoft.SqlEnlight.Sdk.ISdkLayoutService">
            <summary>
            
            </summary>
            <remarks></remarks>
        </member>
        <member name="T:Ubitsoft.SqlEnlight.Sdk.ISdkServiceBase">
            <summary>
            Base interface inherited by all the SDK service interfaces.
            </summary>
            <remarks></remarks>
        </member>
        <member name="M:Ubitsoft.SqlEnlight.Sdk.ISdkLayoutService.LayoutFiles(System.Collections.Generic.IEnumerable{System.String},System.String,System.String)">
            <summary>
            Applies the provided layout template to all files in the list.
            </summary>
            <param name="files">The target files.</param>
            <param name="outputPath">The output path where the processed files will be saved.</param>
            <param name="templateNameOrFilePath">The layout template name or file path.</param>
            <returns>Path to each new processed file.</returns>
            <remarks></remarks>
        </member>
        <member name="T:Ubitsoft.SqlEnlight.Sdk.ISdkParserService">
            <summary>
            Provides methods for parsing T-SQL code and producing SQML.
            </summary>
            <remarks></remarks>
        </member>
        <member name="M:Ubitsoft.SqlEnlight.Sdk.ISdkParserService.ParseBatch(System.String,System.Boolean)">
            <summary>
            Parses the sql script and returns a SQML string.
            </summary>
            <param name="batchSql">A single SQL batch.</param>
            <param name="quotedIdentifierOn">Sets the <c>QUOTED_IDENTIFIER</c> state before parsing.</param>
            <returns>SQML result of the parsed batch.</returns>
            <remarks></remarks>
        </member>
        <member name="M:Ubitsoft.SqlEnlight.Sdk.ISdkParserService.ValidateBatch(System.String,System.Boolean)">
            <summary>
            Validates the batch.
            </summary>
            <param name="batchSql">The batch SQL.</param>
            <param name="quotedIdentifierOn">>Sets the <c>QUOTED_IDENTIFIER</c> state before parsing.If set to <c>true</c> the <c>QUOTED_IDENTIFIER</c> option is set to <c>ON</c>, otherwise it is set to <c>OFF</c>.</param>
            <remarks></remarks>
        </member>
        <member name="T:Ubitsoft.SqlEnlight.Sdk.ISdkServiceProvider">
            <summary>
            Interface for providing access to the SDK services.
            </summary>
            <remarks></remarks>
        </member>
        <member name="M:Ubitsoft.SqlEnlight.Sdk.ISdkServiceProvider.GetService``1">
            <summary>
            Gets an instance of SDK service usign the generic type parameter.
            </summary>
            <typeparam name="T">Service interface type.</typeparam>
            <returns>Service instance casted to the generic type parameter.</returns>
            <remarks>
            Example of method's usage:
            <code>
            IAnalysisService analysisService = sdkProvider.GetService&lt;IAnalysisService&gt;();
            </code>
            </remarks>
        </member>
        <member name="M:Ubitsoft.SqlEnlight.Sdk.ISdkServiceProvider.GetService(System.Guid)">
            <summary>
            Gets an instance of the SDK service that is requested by the GUID associated with the service's interface System.Type.
            </summary>
            <param name="serviceId">The GUID associated with the service's interface System.Type.</param>
            <returns>Instance of the ISdkServiceBase interface.</returns>
            <remarks>
            Example of method's usage:
            <code>
            IAnalysisService analysisService = (IAnalysisService)sdkProvider.GetService(typeof(IAnalysisService).GUID);
            </code>
            </remarks>
        </member>
        <member name="P:Ubitsoft.SqlEnlight.Sdk.ISdkServiceProvider.Analysis">
            <summary>
            Instance of the Analysis Service.
            </summary>
            <remarks></remarks>
        </member>
        <member name="P:Ubitsoft.SqlEnlight.Sdk.ISdkServiceProvider.Parser">
            <summary>
            Instance of the Parser Service.
            </summary>
            <remarks></remarks>
        </member>
        <member name="T:Ubitsoft.SqlEnlight.Sdk.ISdkRefactoringService">
            <summary>
            
            </summary>
            <remarks></remarks>
        </member>
        <member name="T:Ubitsoft.SqlEnlight.Sdk.AnalysisTransformationOverrideHandler">
            <summary>
            Delegate ment to allow analysis rule XSLT transformation debugging making.
            The delegate is called just before the transformation and makes it possible to step into it and to debug the XSLT.
            </summary>
            <param name="transform">XsltTransform object.</param>
            <param name="xsltArgs">Arguments for the transformation.</param>
            <param name="reader">A XmlReader of the target XML.</param>
            <param name="writer">Transformation output writer.</param>
            <remarks></remarks>
        </member>
        <member name="T:Ubitsoft.SqlEnlight.Sdk.ISdkAnalysisService">
            <summary>
            The interface exposing analysis specific methods.
            The interface also provides debugging and rule test members which to facilitate custom rule creation and testing.
            </summary>
            <remarks></remarks>
        </member>
        <member name="M:Ubitsoft.SqlEnlight.Sdk.ISdkAnalysisService.ApplyBatchRule(Ubitsoft.SqlEnlight.Model.Analysis.AnalysisRule,System.Collections.Generic.Dictionary{System.String,System.String},System.String,System.Data.SqlClient.SqlConnection)">
            <summary>
            Applies single analysis rule to the provided SQL script.
            </summary>
            <param name="rule">Instance of the analysis rule.</param>
            <param name="parameterValues">A dictionary with the rule parameters.</param>
            <param name="sql">The SQL script which to be analyzed by the rule.</param>
            <param name="connection">Connection used to generate analysis context and read additiona schema information for the analyzed database.</param>
            <returns>The errors found during the analysis.</returns>
            <remarks></remarks>
        </member>
        <member name="M:Ubitsoft.SqlEnlight.Sdk.ISdkAnalysisService.ApplyContextRule(Ubitsoft.SqlEnlight.Model.Analysis.AnalysisRule,System.Collections.Generic.Dictionary{System.String,System.String},System.Data.SqlClient.SqlConnection)">
            <summary>
            Applies single context only analysis rule to the SQL Server database referenced in the SqlConnection.
            </summary>
            <param name="rule">Instance of the analysis rule.</param>
            <param name="parameterValues">A dictionary with the rule parameters.</param>
            <param name="connection">Connection used to generate analysis context and read additiona schema information for the analyzed database.</param>
            <returns>The errors found during the analysis.</returns>
            <remarks></remarks>
        </member>
        <member name="M:Ubitsoft.SqlEnlight.Sdk.ISdkAnalysisService.ApplyRule(Ubitsoft.SqlEnlight.Model.Analysis.AnalysisRule,System.Collections.Generic.Dictionary{System.String,System.String},System.String,System.Data.SqlClient.SqlConnection)">
            <summary>
            Applies the rule to the script or to the daabase schema depending on the rule type.
            </summary>
            <param name="rule">Instance of the analysis rule.</param>
            <param name="parameterValues">A dictionary with the rule parameters.</param>
            <param name="sql">The SQL script which to be analyzed by the rule. The script is ignored if the rule's scope is ContextOnly.</param>
            <param name="connection">Connection used to generate analysis context and read additiona schema information for the analyzed database.</param>
            <returns>The errors found during the analysis.</returns>
            <remarks></remarks>
        </member>
        <member name="M:Ubitsoft.SqlEnlight.Sdk.ISdkAnalysisService.ApplyBatchRule(Ubitsoft.SqlEnlight.Model.Analysis.AnalysisRule,System.Collections.Generic.Dictionary{System.String,System.String},System.String,System.Xml.XPath.XPathNavigator)">
            <summary>
            Applies single analysis rule to the provided SQL script.
            </summary>
            <param name="rule">Instance of the analysis rule.</param>
            <param name="parameterValues">A dictionary with the rule parameters.</param>
            <param name="sql">The SQL script which to be analyzed by the rule.</param>
            <param name="analysisContext">Analysis context navigator.</param>
            <returns>Tthe errors found during the analysis.</returns>
            <remarks></remarks>
        </member>
        <member name="M:Ubitsoft.SqlEnlight.Sdk.ISdkAnalysisService.ApplyContextRule(Ubitsoft.SqlEnlight.Model.Analysis.AnalysisRule,System.Collections.Generic.Dictionary{System.String,System.String},System.Xml.XPath.XPathNavigator)">
            <summary>
            Applies single context only analysis rule to the provided database analysis context.
            </summary>
            <param name="rule">Instance of the analysis rule.</param>
            <param name="parameterValues">A dictionary with the rule parameters.</param>
            <param name="analysisContext">Analysis context of the analyzed database.</param>
            <returns>The errors found during the analysis.</returns>
            <remarks></remarks>
        </member>
        <member name="M:Ubitsoft.SqlEnlight.Sdk.ISdkAnalysisService.ApplyRule(Ubitsoft.SqlEnlight.Model.Analysis.AnalysisRule,System.Collections.Generic.Dictionary{System.String,System.String},System.String,System.Xml.XPath.XPathNavigator)">
            <summary>
            Applies the rule to the script or to the daabase schema depending on the rule type.
            </summary>
            <param name="rule">Instance of the analysis rule.</param>
            <param name="parameterValues">A dictionary with the rule parameters.</param>
            <param name="sql">The SQL script which to be analyzed by the rule.The script is ignored if the rule's scope is ContextOnly.</param>
            <param name="analysisContext">Analysis context navigator.</param>
            <returns>The errors found during the analysis.</returns>
            <remarks></remarks>
        </member>
        <member name="M:Ubitsoft.SqlEnlight.Sdk.ISdkAnalysisService.Debug(Ubitsoft.SqlEnlight.Model.Analysis.AnalysisRule,System.String,System.Collections.Generic.Dictionary{System.String,System.String},System.Data.SqlClient.SqlConnection,Ubitsoft.SqlEnlight.Sdk.AnalysisTransformationOverrideHandler)">
            <summary>
            Debug the XSLT transformation of the given anlaysis rule.
            </summary>
            <param name="rule">Analysis rule which to be debugged.</param>
            <param name="sql">SQL script which will be provided to the rule.</param>
            <param name="parameters">Rule specific parameters.</param>
            <param name="connection">Connection to the context database. If null, the rule will be applied witout context.</param>
            <param name="handler">A delegate which to be called before the transformation in order to eble debugigng of rule's XSLT.</param>
            <returns>Array of analysis rule violations.</returns>
            <example>
            The following code example shows how the rule's XSL transformation can be debugged.
            <code>
            using System;
            using System.Text;
            using System.Data.SqlClient;
            using System.Configuration;
            using System.Collections.Generic;
            using Ubitsoft.SqlEnlight.Sdk;
            using Ubitsoft.SqlEnlight.Model.Analysis;
            using Ubitsoft.SqlEnlight.Model;
            namespace Ubitsoft.SqlEnlight.Sdk.Examples
            {
                class DebugExampleCode
                {
                    [STAThread]
                    static void Main(string[] args)
                    {
                        Ubitsoft.SqlEnlight.Sdk.ISdkServiceProvider sdk = new SdkServiceProvider();
                        AnalysisRule rule = new Ubitsoft.SqlEnlight.Analysis.Rules.SA0004();
                        SqlConnection connection = new SqlConnection("Data Source=.;Integrated Security=true;Initial Catalog=AdventureWorks;");
                        Error[] errors = sdk.Analysis.Debug(rule, rule.TestScript, rule.GetParametersDefaultValues(), connection, TransformationOverrideHandler);
                        foreach (Error error in errors)
                        {
                            Console.WriteLine(error.ToString());
                        }
                       }
                    static void TransformationOverrideHandler(System.Xml.Xsl.XslCompiledTransform transform, System.Xml.Xsl.XsltArgumentList xsltArgs, System.Xml.XmlReader reader, System.Xml.XmlWriter writer)
                    {
                        if (transform != null)
                        {
                            // The Debugger will stop at the Debugger.Break() line below.
                            // To step into the Transform method call, step to the transformation line and
                            // then press F11 in order to step into the XSL code.
                            System.Diagnostics.Debugger.Break();
                            transform.Transform(reader, xsltArgs, writer);
                        }
                        else
                        {
                            // The original transformation object is always expected to be passed to the handler.
                            throw new NullReferenceException("XSLT Transformer object not initialized.");
                        }
                    }
                }
            }
              </code>
              </example>
            <remarks>The debugging of analysis rule transformation, requires a version of Visual Studio that supports XSL debugging.</remarks>
        </member>
        <member name="M:Ubitsoft.SqlEnlight.Sdk.ISdkAnalysisService.Debug(Ubitsoft.SqlEnlight.Model.Analysis.AnalysisRule,System.String,System.Collections.Generic.Dictionary{System.String,System.String},System.Xml.XPath.XPathNavigator,Ubitsoft.SqlEnlight.Sdk.AnalysisTransformationOverrideHandler)">
             <summary>
             Debug the XSLT transformation of the given anlaysis rule.
             </summary>
             <param name="rule">Analysis rule which to be debugged.</param>
             <param name="sql">SQL script which will be provided to the rule.</param>
             <param name="parameters">Rule specific parameters.</param>
             <param name="analysisContext">Database analysis context XPathNavigator.. If null, the rule will be applied witout context.</param>
             <param name="handler">A delegate which to be called before the transformation in order to eble debugigng of rule's XSLT.</param>
             <returns>Array of analysis rule violations.</returns>
             <example>
             The following code example shows how the rule's XSL transformation can be debugged.
               <code>
                using System;
                using System.Text;
                using System.Data.SqlClient;
                using System.Configuration;
                using System.Collections.Generic;
                using Ubitsoft.SqlEnlight.Sdk;
                using Ubitsoft.SqlEnlight.Model.Analysis;
                using Ubitsoft.SqlEnlight.Model;
            
                namespace Ubitsoft.SqlEnlight.Sdk.Examples
                {
                    class DebugExampleCode
                    {
                        [STAThread]
                        static void Main(string[] args)
                        {
                            Ubitsoft.SqlEnlight.Sdk.ISdkServiceProvider sdk = new SdkServiceProvider();
            
                            AnalysisRule rule = new Ubitsoft.SqlEnlight.Analysis.Rules.SA0004();
            
                            SqlConnection connection = new SqlConnection("Data Source=.;Integrated Security=true;Initial Catalog=AdventureWorks;");
            
                            Error[] errors = sdk.Analysis.Debug(rule, rule.TestScript, rule.GetParametersDefaultValues(), connection, TransformationOverrideHandler);
            
                            foreach (Error error in errors)
                            {
                                Console.WriteLine(error.ToString());
                            }
            
                        }
            
                        static void TransformationOverrideHandler(System.Xml.Xsl.XslCompiledTransform transform, System.Xml.Xsl.XsltArgumentList xsltArgs, System.Xml.XmlReader reader, System.Xml.XmlWriter writer)
                        {
                            if (transform != null)
                            {
                                // The Debugger will stop at the Debugger.Break() line below.
                                // To step into the Transform method call, step to the transformation line and 
                                // then press F11 in order to step into the XSL code.
                                System.Diagnostics.Debugger.Break();
                                transform.Transform(reader, xsltArgs, writer);
                            }
                            else
                            {
                                // The original transformation object is always expected to be passed to the handler. 
                                throw new NullReferenceException("XSLT Transformer object not initialized.");
                            }
                        }
            
            
                    }
                }
               </code>
               </example>
             <remarks>The debugging of analysis rule transformation, requires a version of Visual Studio that supports XSL debugging.</remarks>
        </member>
        <member name="M:Ubitsoft.SqlEnlight.Sdk.ISdkAnalysisService.Debug(Ubitsoft.SqlEnlight.Model.Analysis.AnalysisRule,System.String,System.Collections.Generic.Dictionary{System.String,System.String},System.Data.SqlClient.SqlConnection,System.Object)">
             <summary>
             Debug the XSLT transformation of the given anlaysis rule.
             </summary>
             <param name="rule">Analysis rule which to be debugged.</param>
             <param name="sql">SQL script which will be provided to the rule.</param>
             <param name="parameters">Rule specific parameters.</param>
             <param name="connection">Connection to the context database. If null, the rule will be applied witout context.</param>
             <param name="handler">A delegate which to be called before the transformation in order to eble debugigng of rule's XSLT.</param>
             <returns>Array of analysis rule violations.</returns>
             <example>
             The following code example shows how the rule's XSL transformation can be debugged.
               <code>
                using System;
                using System.Text;
                using System.Data.SqlClient;
                using System.Configuration;
                using System.Collections.Generic;
                using Ubitsoft.SqlEnlight.Sdk;
                using Ubitsoft.SqlEnlight.Model.Analysis;
                using Ubitsoft.SqlEnlight.Model;
            
                namespace Ubitsoft.SqlEnlight.Sdk.Examples
                {
                    class DebugExampleCode1
                    {        [STAThread]
                        static void Main(string[] args)
                        {
            
                            Ubitsoft.SqlEnlight.Sdk.ISdkServiceProvider sdk = new SdkServiceProvider();
            
                            AnalysisRule rule = new Ubitsoft.SqlEnlight.Analysis.Rules.SA0004();
            
                            SqlConnection connection = new SqlConnection("Data Source=.;Integrated Security=true;Initial Catalog=AdventureWorks;");
            
                            System.Xml.XPath.XPathNavigator contextNavigator = sdk.Analysis.GetContext(connection);
            
                            Error[] errors = sdk.Analysis.Debug(rule, rule.TestScript, rule.GetParametersDefaultValues(), contextNavigator, TransformationOverrideHandler);
                            foreach (Error error in errors)
                            {
                                Console.WriteLine(error.ToString());
                            }
                        }
            
                        static void TransformationOverrideHandler(System.Xml.Xsl.XslCompiledTransform transform, System.Xml.Xsl.XsltArgumentList xsltArgs, System.Xml.XmlReader reader, System.Xml.XmlWriter writer)
                        {
                            if (transform != null)
                            {
                                // The Debugger will stop at the Debugger.Break() line below.
                                // To step into the Transform method call, step to the transformation line and 
                                // then press F11 in order to step into the XSL code.
                                System.Diagnostics.Debugger.Break();
                                transform.Transform(reader, xsltArgs, writer);
                            }
                            else
                            {
                                // The original transformation object is always expected to be passed to the handler. 
                                throw new NullReferenceException("XSLT Transformer object not initialized.");
                            }
                        }
                    }
                }
            
               </code>
               </example>
             <remarks>The debugging of analysis rule transformation, requires a version of Visual Studio that supports XSL debugging.</remarks>
        </member>
        <member name="M:Ubitsoft.SqlEnlight.Sdk.ISdkAnalysisService.Debug(Ubitsoft.SqlEnlight.Model.Analysis.AnalysisRule,System.String,System.Collections.Generic.Dictionary{System.String,System.String},System.Xml.XPath.XPathNavigator,System.Object)">
             <summary>
             Debug the XSLT transformation of the given anlaysis rule.
             </summary>
             <param name="rule">Analysis rule which to be debugged.</param>
             <param name="sql">SQL script which will be provided to the rule.</param>
             <param name="parameters">Rule specific parameters.</param>
             <param name="analysisContext">Database analysis context XPathNavigator. If null, the rule will be applied witout context.</param>
             <param name="handler">A delegate which to be called before the transformation in order to eble debugigng of rule's XSLT.</param>
             <returns>Array of analysis rule violations.</returns>
             <example>
             The following code example shows how the rule's XSL transformation can be debugged.
               <code>
                using System;
                using System.Text;
                using System.Data.SqlClient;
                using System.Configuration;
                using System.Collections.Generic;
                using Ubitsoft.SqlEnlight.Sdk;
                using Ubitsoft.SqlEnlight.Model.Analysis;
                using Ubitsoft.SqlEnlight.Model;
            
                namespace Ubitsoft.SqlEnlight.Sdk.Examples
                {
                    class DebugExampleCode
                    {
                        [STAThread]
                        static void Main(string[] args)
                        {
                            Ubitsoft.SqlEnlight.Sdk.ISdkServiceProvider sdk = new SdkServiceProvider();
            
                            AnalysisRule rule = new Ubitsoft.SqlEnlight.Analysis.Rules.SA0004();
            
                            SqlConnection connection = new SqlConnection("Data Source=.;Integrated Security=true;Initial Catalog=AdventureWorks;");
            
                            Error[] errors = sdk.Analysis.Debug(rule, rule.TestScript, rule.GetParametersDefaultValues(), connection, TransformationOverrideHandler);
            
                            foreach (Error error in errors)
                            {
                                Console.WriteLine(error.ToString());
                            }
            
                        }
            
                        static void TransformationOverrideHandler(System.Xml.Xsl.XslCompiledTransform transform, System.Xml.Xsl.XsltArgumentList xsltArgs, System.Xml.XmlReader reader, System.Xml.XmlWriter writer)
                        {
                            if (transform != null)
                            {
                                // The Debugger will stop at the Debugger.Break() line below.
                                // To step into the Transform method call, step to the transformation line and 
                                // then press F11 in order to step into the XSL code.
                                System.Diagnostics.Debugger.Break();
                                transform.Transform(reader, xsltArgs, writer);
                            }
                            else
                            {
                                // The original transformation object is always expected to be passed to the handler. 
                                throw new NullReferenceException("XSLT Transformer object not initialized.");
                            }
                        }
            
            
                    }
                }
               </code>
               </example>
             <remarks>The debugging of analysis rule transformation, requires a version of Visual Studio that supports XSL debugging.</remarks>
        </member>
        <member name="M:Ubitsoft.SqlEnlight.Sdk.ISdkAnalysisService.Test(Ubitsoft.SqlEnlight.Model.Analysis.AnalysisRule,System.Collections.Generic.Dictionary{System.String,System.String},System.Xml.XPath.XPathNavigator)">
             <summary>
             Test an analysis rule by applying it on the rule's TestScript.
             The method is designed to be used for implementing AnalysisRule unit tests.
             </summary>
             <param name="rule">Analysis rule which to be tested.</param>
             <param name="parameters">Rule specific parameters.</param>
             <param name="analysisContext">Database analysis context XPathNavigator. If null, the rule will be applied witout context.</param>
             <returns>Array of analysis rule violations.</returns>
             <example>
             The following code example shows method's usage.
             <code>
            using System;
            using System.Text;
            using System.Data.SqlClient;
            using System.Configuration;
            using System.Collections.Generic;
            using Ubitsoft.SqlEnlight.Sdk;
            using Ubitsoft.SqlEnlight.Model.Analysis;
            using Ubitsoft.SqlEnlight.Model;
            
            namespace Ubitsoft.SqlEnlight.Analysis.RuleDevHost
            {
                class TestExampleCode
                {
                    [STAThread]
                    static void Main(string[] args)
                    {
            
                        Ubitsoft.SqlEnlight.Sdk.ISdkServiceProvider sdk = new SdkServiceProvider();
            
                        AnalysisRule rule = new Ubitsoft.SqlEnlight.Analysis.Rules.SA0066A();
            
                        SqlConnection connection = new SqlConnection("Data Source=.;Integrated Security=true;Initial Catalog=AdventureWorks;");
            
                        System.Xml.XPath.XPathNavigator contextNavigator = sdk.Analysis.GetContext(connection);
            
                        Dictionary&lt;string, string&gt; parameters = new Dictionary&lt;string, string&gt;();
                        parameters.Add("GeneralColumnNamePattern","regexp:[A-Z][A-Za-z1-9]+");
                        parameters.Add("PrimaryKeyColumnNamePattern","{table_name}ID");
                        parameters.Add("ForeignKeyColumnNamePattern","{referenced_column}");
                        parameters.Add("BitColumnNamePattern","regexp:[A-Z][A-Za-z1-9]+");
                        parameters.Add("StringColumnNamePattern","regexp:[A-Z][A-Za-z1-9]+");
                        parameters.Add("DateTimeColumnNamePattern","regexp:[A-Z][A-Za-z1-9]+");
                        parameters.Add("NumericColumnNamePattern","regexp:[A-Z][A-Za-z1-9]+");
                        parameters.Add("BinaryColumnNamePattern","regexp:[A-Z][A-Za-z1-9]+");
                        parameters.Add("GeographyColumnNamePattern","regexp:[A-Z][A-Za-z1-9]+");
                        parameters.Add("HierarchyidColumnNamePattern","regexp:[A-Z][A-Za-z1-9]+");
                        parameters.Add("UniqueidentifierColumnNamePattern","regexp:[A-Z][A-Za-z1-9]+");
                        parameters.Add("XmlColumnNamePattern","regexp:[A-Z][A-Za-z1-9]+");
                        parameters.Add("SqlVariantColumnNamePattern","regexp:[A-Z][A-Za-z1-9]+");
                        parameters.Add("TableColumnNamePattern","regexp:[A-Z][A-Za-z1-9]+");
                        parameters.Add("TimestampColumnNamePattern","regexp:[A-Z][A-Za-z1-9]+");
            
                        Error[] errors = sdk.Analysis.Test(rule, parameters, contextNavigator);
            
                        foreach (Error error in errors)
                        {
                            Console.WriteLine(error.ToString());
                        }
            
                    }
                }
            }
            </code>
             </example>
        </member>
        <member name="M:Ubitsoft.SqlEnlight.Sdk.ISdkAnalysisService.Test(Ubitsoft.SqlEnlight.Model.Analysis.AnalysisRule,System.Collections.Generic.Dictionary{System.String,System.String},System.Data.SqlClient.SqlConnection)">
             <summary>
             Test an analysis rule by applying it on the rule's TestScript.
             The method is designed to be used for implementing AnalysisRule unit tests.
             </summary>
             <param name="rule">Analysis rule which to be tested.</param>
             <param name="parameters">Rule specific parameters.</param>
             <param name="connection">Connection to the context database. If null, the rule will be applied witout context.</param>
             <returns>Array of analysis rule violations.</returns>
             <example>
             The following code example shows method's usage.
             <code>
            using System;
            using System.Text;
            using System.Data.SqlClient;
            using System.Configuration;
            using System.Collections.Generic;
            using Ubitsoft.SqlEnlight.Sdk;
            using Ubitsoft.SqlEnlight.Model.Analysis;
            using Ubitsoft.SqlEnlight.Model;
            
            namespace Ubitsoft.SqlEnlight.Analysis.RuleDevHost
            {
                class TestExampleCode
                {
                    [STAThread]
                    static void Main(string[] args)
                    {
            
                        Ubitsoft.SqlEnlight.Sdk.ISdkServiceProvider sdk = new SdkServiceProvider();
            
                        AnalysisRule rule = new Ubitsoft.SqlEnlight.Analysis.Rules.SA0066A();
            
                        SqlConnection connection = new SqlConnection("Data Source=.;Integrated Security=true;Initial Catalog=AdventureWorks;");        
            
                        Dictionary&lt;string, string&gt; parameters = rule.GetParametersDefaultValues();   
            
                        Error[] errors = sdk.Analysis.Test(rule, parameters, connection);
            
                        foreach (Error error in errors)
                        {
                            Console.WriteLine(error.ToString());
                        }
            
                    }
                }
            }
            </code>
             </example>
        </member>
        <member name="M:Ubitsoft.SqlEnlight.Sdk.ISdkAnalysisService.Test(Ubitsoft.SqlEnlight.Model.Analysis.AnalysisRule,System.String,System.Collections.Generic.Dictionary{System.String,System.String},System.Data.SqlClient.SqlConnection)">
             <summary>
             Test an analysis rule by applying it on the rule's TestScript.
             The method is designed to be used for implementing AnalysisRule unit tests.
             </summary>
             <param name="rule">Analysis rule which to be tested.</param>
             <param name="sql">Target test SQL script.</param>
             <param name="parameters">Rule specific parameters.</param>
             <param name="connection">Connection to the context database. If null, the rule will be applied witout context.</param>
             <returns>Array of analysis rule violations.</returns>
             <example>
             The following code example shows method's usage.
             <code>
            using System;
            using System.Text;
            using System.Data.SqlClient;
            using System.Configuration;
            using System.Collections.Generic;
            using Ubitsoft.SqlEnlight.Sdk;
            using Ubitsoft.SqlEnlight.Model.Analysis;
            using Ubitsoft.SqlEnlight.Model;
            
            namespace Ubitsoft.SqlEnlight.Analysis.RuleDevHost
            {
                class TestExampleCode
                {
                    [STAThread]
                    static void Main(string[] args)
                    {
            
                        Ubitsoft.SqlEnlight.Sdk.ISdkServiceProvider sdk = new SdkServiceProvider();
            
                        AnalysisRule rule = new Ubitsoft.SqlEnlight.Analysis.Rules.SA0066A();
            
                        SqlConnection connection = new SqlConnection("Data Source=.;Integrated Security=true;Initial Catalog=AdventureWorks;");
            
                        Dictionary&lt;string, string&gt; parameters = new Dictionary&lt;string, string&gt;();
                        parameters.Add("GeneralColumnNamePattern","regexp:[A-Z][A-Za-z1-9]+");
                        parameters.Add("PrimaryKeyColumnNamePattern","{table_name}ID");
                        parameters.Add("ForeignKeyColumnNamePattern","{referenced_column}");
                        parameters.Add("BitColumnNamePattern","regexp:[A-Z][A-Za-z1-9]+");
                        parameters.Add("StringColumnNamePattern","regexp:[A-Z][A-Za-z1-9]+");
                        parameters.Add("DateTimeColumnNamePattern","regexp:[A-Z][A-Za-z1-9]+");
                        parameters.Add("NumericColumnNamePattern","regexp:[A-Z][A-Za-z1-9]+");
                        parameters.Add("BinaryColumnNamePattern","regexp:[A-Z][A-Za-z1-9]+");
                        parameters.Add("GeographyColumnNamePattern","regexp:[A-Z][A-Za-z1-9]+");
                        parameters.Add("HierarchyidColumnNamePattern","regexp:[A-Z][A-Za-z1-9]+");
                        parameters.Add("UniqueidentifierColumnNamePattern","regexp:[A-Z][A-Za-z1-9]+");
                        parameters.Add("XmlColumnNamePattern","regexp:[A-Z][A-Za-z1-9]+");
                        parameters.Add("SqlVariantColumnNamePattern","regexp:[A-Z][A-Za-z1-9]+");
                        parameters.Add("TableColumnNamePattern","regexp:[A-Z][A-Za-z1-9]+");
                        parameters.Add("TimestampColumnNamePattern","regexp:[A-Z][A-Za-z1-9]+");
            
                        Error[] errors = sdk.Analysis.Test(rule, sql, parameters, connection);
            
                        foreach (Error error in errors)
                        {
                            Console.WriteLine(error.ToString());
                        }
            
                    }
                }
            }
            </code>
             </example>
        </member>
        <member name="M:Ubitsoft.SqlEnlight.Sdk.ISdkAnalysisService.Test(Ubitsoft.SqlEnlight.Model.Analysis.AnalysisRule,System.String,System.Collections.Generic.Dictionary{System.String,System.String},System.Xml.XPath.XPathNavigator)">
             <summary>
             Test an analysis rule by applying it on given SQL script.
             The method is designed to be used for implementing AnalysisRule unit tests.
             </summary>
             <param name="rule">Analysis rule which to be tested.</param>
             <param name="sql">Target test SQL script.</param>        
             <param name="parameters">Rule specific parameters.</param>
             <param name="analysisContext">Database analysis context XPathNavigator. If null, the rule will be applied witout context.</param>
             <returns>Array of analysis rule violations.</returns>
             <example>
             The following code example shows method's usage.
             <code>
            using System;
            using System.Text;
            using System.Data.SqlClient;
            using System.Configuration;
            using System.Collections.Generic;
            using Ubitsoft.SqlEnlight.Sdk;
            using Ubitsoft.SqlEnlight.Model.Analysis;
            using Ubitsoft.SqlEnlight.Model;
            
            namespace Ubitsoft.SqlEnlight.Analysis.RuleDevHost
            {
                class TestExampleCode
                {
                    [STAThread]
                    static void Main(string[] args)
                    {
            
                        Ubitsoft.SqlEnlight.Sdk.ISdkServiceProvider sdk = new SdkServiceProvider();
            
                        AnalysisRule rule = new Ubitsoft.SqlEnlight.Analysis.Rules.SA0004();
            
                        SqlConnection connection = new SqlConnection("Data Source=.;Integrated Security=true;Initial Catalog=AdventureWorks;");
            
                        System.Xml.XPath.XPathNavigator contextNavigator = sdk.Analysis.GetContext(connection);
            
                        Dictionary&lt;string, string&gt; parameters = rule.GetParametersDefaultValues();
            
                        Error[] errors = sdk.Analysis.Test(rule, sql, parameters, contextNavigator);
            
                        foreach (Error error in errors)
                        {
                            Console.WriteLine(error.ToString());
                        }
            
                    }
                }
            }
            </code>
             </example>
        </member>
        <member name="M:Ubitsoft.SqlEnlight.Sdk.ISdkAnalysisService.GetContextXml(System.Data.SqlClient.SqlConnection)">
            <summary>
            Generates Analysis Context XML.
            </summary>
            <param name="connection">SqlConnection which to be used to generate the context.</param>
            <returns>XML </returns>
            
            <example>
            The following code example shows method's usage.
            <code>
            
                // Create instance of the provider class.
                Ubitsoft.SqlEnlight.Sdk.ISdkServiceProvider sdk = new SdkServiceProvider();
                
                // To generate a XML context of a given database, just pass a new SqlConnection to it to the GetContext method.            
                string contextXml = sdk.Analysis.GetContextXml(new SqlConnection("Data Source=.;Integrated Security=true;Initial Catalog=AdventureWorks;"));
                
            </code>
            </example>
        </member>
        <member name="M:Ubitsoft.SqlEnlight.Sdk.ISdkAnalysisService.GetContext(System.Data.SqlClient.SqlConnection)">
            <summary>
            Generates Analysis Context as XPathNavigator.
            </summary>
            <param name="connection">SqlConnection which to be used to generate the context.</param>
            <returns>XpathNavigator of the context.</returns>
            <example>
            The following code example shows method's usage.
            <code>
            
                // Create instance of the provider class.
                Ubitsoft.SqlEnlight.Sdk.ISdkServiceProvider sdk = new SdkServiceProvider();
                
                // To generate a XPathNavigator for the context database, just pass a new SqlConnection to the GetContext method.            
                XPathNavigator contextNavigator = sdk.Analysis.GetContext(new SqlConnection("Data Source=.;Integrated Security=true;Initial Catalog=AdventureWorks;"));
                
            </code>
            </example>
        </member>
        <member name="M:Ubitsoft.SqlEnlight.Sdk.ISdkAnalysisService.AnalyzeFiles(System.Collections.Generic.IEnumerable{System.String},System.String,System.Collections.Generic.Dictionary{System.String,Ubitsoft.SqlEnlight.Model.Analysis.NamedParameterValue[]},System.Xml.XPath.XPathNavigator,Ubitsoft.SqlEnlight.Model.Analysis.AnalysisTemplate,System.IO.TextWriter)">
            <summary>
            Analyzes the provided files.
            </summary>
            <param name="files">The files that to be analyzed.</param>
            <param name="rules">Separated list of rules. Separator can be any of comma,semicolon or pipe characters.</param>
            <param name="rulesParameters">The parameters for the rules.</param>
            <param name="analysisContext">The analysis context.</param>
            <param name="reportWriter">The report writer.</param>
            <param name="template">The analysis template.</param>
            <remarks></remarks>
        </member>
        <member name="M:Ubitsoft.SqlEnlight.Sdk.ISdkAnalysisService.AnalyzeServerObjects(System.Data.SqlClient.SqlConnection,System.String,System.String,System.String,System.Collections.Generic.Dictionary{System.String,Ubitsoft.SqlEnlight.Model.Analysis.NamedParameterValue[]},Ubitsoft.SqlEnlight.Model.Analysis.AnalysisTemplate,System.IO.TextWriter)">
            <summary>
            Analyzes the sepecified server objects.
            </summary>
            <param name="connection">The connection to the server and database that contain the target objects.</param>
            <param name="objectName">Name of the target object.</param>
            <param name="objectType">Type of the object.</param>
            <param name="rules">The rules.</param>
            <param name="rulesParameters">The rules parameters.</param>
            <param name="template">The analysis template.</param>
            <param name="reportWriter">The report writer.</param>
        </member>
        <member name="T:Ubitsoft.SqlEnlight.Sdk.SdkAnalysisService">
            <summary>
            Implementation of the ISdkAnalysisService interface.
            </summary>
            <remarks></remarks>
        </member>
        <member name="F:Ubitsoft.SqlEnlight.Sdk.SdkAnalysisService.CS_BatchScopedRulesCallsPlaceholder">
            <summary>
            
            </summary>
        </member>
        <member name="F:Ubitsoft.SqlEnlight.Sdk.SdkAnalysisService.CS_ContextOnlyScopedRulesCallsRulesPlaceholder">
            <summary>
            
            </summary>
        </member>
        <member name="F:Ubitsoft.SqlEnlight.Sdk.SdkAnalysisService.CS_RuleTemplatesPlaceholder">
            <summary>
            
            </summary>
        </member>
        <member name="F:Ubitsoft.SqlEnlight.Sdk.SdkAnalysisService._handlerSyncObject">
            <summary>
            
            </summary>
        </member>
        <member name="F:Ubitsoft.SqlEnlight.Sdk.SdkAnalysisService._analysisFeatureService">
            <summary>
            
            </summary>
        </member>
        <member name="F:Ubitsoft.SqlEnlight.Sdk.SdkAnalysisService._transformationFeatureService">
            <summary>
            
            </summary>
        </member>
        <member name="F:Ubitsoft.SqlEnlight.Sdk.SdkAnalysisService._transformatonHandler">
            <summary>
            
            </summary>
        </member>
        <member name="F:Ubitsoft.SqlEnlight.Sdk.SdkAnalysisService._transform">
            <summary>
            
            </summary>
        </member>
        <member name="F:Ubitsoft.SqlEnlight.Sdk.SdkAnalysisService._analysisXslTemplate">
            <summary>
            
            </summary>
        </member>
        <member name="M:Ubitsoft.SqlEnlight.Sdk.SdkAnalysisService.#ctor(Ubitsoft.SqlEnlight.Services.Interfaces.IAnalysisFeatureService,Ubitsoft.SqlEnlight.Services.Interfaces.ITransformationFeatureService)">
            <summary>
            Initializes a new instance of the <see cref="T:Ubitsoft.SqlEnlight.Sdk.SdkAnalysisService"/> class.
            </summary>
            <param name="analysisFeatureService">The analysis feature service.</param>
            <param name="transformationFeatureService">The transformation feature service.</param>
        </member>
        <member name="M:Ubitsoft.SqlEnlight.Sdk.SdkAnalysisService.ApplyBatchRule(Ubitsoft.SqlEnlight.Model.Analysis.AnalysisRule,System.Collections.Generic.Dictionary{System.String,System.String},System.String,System.Data.SqlClient.SqlConnection)">
            <summary>
            Applies single analysis rule to the provided SQL script.
            </summary>
            <param name="rule">Instance of the analysis rule.</param>
            <param name="parameterValues">A dictionary with the rule parameters.</param>
            <param name="sql">The SQL script which to be analyzed by the rule.</param>
            <param name="connection">Connection used to generate analysis context and read additional schema information for the analyzed database.</param>
            <returns>
            The errors found during the analysis.
            </returns>
            <exception cref="T:System.ArgumentNullException">rule;The argument is required.</exception>
        </member>
        <member name="M:Ubitsoft.SqlEnlight.Sdk.SdkAnalysisService.ApplyBatchRule(Ubitsoft.SqlEnlight.Model.Analysis.AnalysisRule,System.Collections.Generic.Dictionary{System.String,System.String},System.String,System.Xml.XPath.XPathNavigator)">
            <summary>
            Applies single analysis rule to the provided SQL script.
            </summary>
            <param name="rule">Instance of the analysis rule.</param>
            <param name="parameterValues">A dictionary with the rule parameters.</param>
            <param name="sql">The SQL script which to be analyzed by the rule.</param>
            <param name="analysisContext">Analysis context navigator.</param>
            <returns>
            The errors found during the analysis.
            </returns>
            <exception cref="T:System.ArgumentNullException">rule;The argument is required.</exception>
        </member>
        <member name="M:Ubitsoft.SqlEnlight.Sdk.SdkAnalysisService.ApplyContextRule(Ubitsoft.SqlEnlight.Model.Analysis.AnalysisRule,System.Collections.Generic.Dictionary{System.String,System.String},System.Data.SqlClient.SqlConnection)">
            <summary>
            Applies single context only analysis rule to the SQL Server database referenced in the SqlConnection.
            </summary>
            <param name="rule">Instance of the analysis rule.</param>
            <param name="parameterValues">A dictionary with the rule parameters.</param>
            <param name="connection">Connection used to generate analysis context and read additional schema information for the analyzed database.</param>
            <returns>
            The errors found during the analysis.
            </returns>
            <exception cref="T:System.ArgumentNullException">rule;The argument is required.</exception>
        </member>
        <member name="M:Ubitsoft.SqlEnlight.Sdk.SdkAnalysisService.ApplyContextRule(Ubitsoft.SqlEnlight.Model.Analysis.AnalysisRule,System.Collections.Generic.Dictionary{System.String,System.String},System.Xml.XPath.XPathNavigator)">
            <summary>
            Applies single context only analysis rule to the provided database analysis context.
            </summary>
            <param name="rule">Instance of the analysis rule.</param>
            <param name="parameterValues">A dictionary with the rule parameters.</param>
            <param name="analysisContext">Analysis context of the analyzed database.</param>
            <returns>
            The errors found during the analysis.
            </returns>
            <exception cref="T:System.ArgumentNullException">rule;The argument is required.</exception>
        </member>
        <member name="M:Ubitsoft.SqlEnlight.Sdk.SdkAnalysisService.ApplyRule(Ubitsoft.SqlEnlight.Model.Analysis.AnalysisRule,System.Collections.Generic.Dictionary{System.String,System.String},System.String,System.Data.SqlClient.SqlConnection)">
            <summary>
            Applies the rule to the script or to the database schema depending on the rule type.
            </summary>
            <param name="rule">Instance of the analysis rule.</param>
            <param name="parameterValues">A dictionary with the rule parameters.</param>
            <param name="sql">The SQL script which to be analyzed by the rule. The script is ignored if the rule's scope is ContextOnly.</param>
            <param name="connection">Connection used to generate analysis context and read additional schema information for the analyzed database.</param>
            <returns>
            The errors found during the analysis.
            </returns>
            <exception cref="T:System.ArgumentNullException">rule;The argument is required.</exception>
        </member>
        <member name="M:Ubitsoft.SqlEnlight.Sdk.SdkAnalysisService.ApplyRule(Ubitsoft.SqlEnlight.Model.Analysis.AnalysisRule,System.Collections.Generic.Dictionary{System.String,System.String},System.String,System.Xml.XPath.XPathNavigator)">
            <summary>
            Applies the rule to the script or to the database schema depending on the rule type.
            </summary>
            <param name="rule">Instance of the analysis rule.</param>
            <param name="parameterValues">A dictionary with the rule parameters.</param>
            <param name="sql">The SQL script which to be analyzed by the rule.The script is ignored if the rule's scope is ContextOnly.</param>
            <param name="analysisContext">Analysis context navigator.</param>
            <returns>
            The errors found during the analysis.
            </returns>
            <exception cref="T:System.ArgumentNullException">rule;The argument is required.</exception>
        </member>
        <member name="M:Ubitsoft.SqlEnlight.Sdk.SdkAnalysisService.Debug(Ubitsoft.SqlEnlight.Model.Analysis.AnalysisRule,System.String,System.Collections.Generic.Dictionary{System.String,System.String},System.Data.SqlClient.SqlConnection,Ubitsoft.SqlEnlight.Sdk.AnalysisTransformationOverrideHandler)">
             <summary>
             Debug the XSLT transformation of the given analysis rule.
             </summary>
             <param name="rule">Analysis rule which to be debugged.</param>
             <param name="sql">SQL script which will be provided to the rule.</param>
             <param name="parameters">Rule specific parameters.</param>
             <param name="connection">Connection to the context database. If null, the rule will be applied without context.</param>
             <param name="handler">A delegate which to be called before the transformation in order to enable debugging of rule's XSLT.</param>
             <returns>Array of analysis rule violations.</returns>
             <example>
             The following code example shows how the rule's XSL transformation can be debugged.
               <code>
                using System;
                using System.Text;
                using System.Data.SqlClient;
                using System.Configuration;
                using System.Collections.Generic;
                using Ubitsoft.SqlEnlight.Sdk;
                using Ubitsoft.SqlEnlight.Model.Analysis;
                using Ubitsoft.SqlEnlight.Model;
            
                namespace Ubitsoft.SqlEnlight.Sdk.Examples
                {
                    class DebugExampleCode
                    {
                        [STAThread]
                        static void Main(string[] args)
                        {
                            Ubitsoft.SqlEnlight.Sdk.ISdkServiceProvider sdk = new SdkServiceProvider();
            
                            AnalysisRule rule = new Ubitsoft.SqlEnlight.Analysis.Rules.SA0004();
            
                            SqlConnection connection = new SqlConnection("Data Source=.;Integrated Security=true;Initial Catalog=AdventureWorks;");
            
                            Error[] errors = sdk.Analysis.Debug(rule, rule.TestScript, rule.GetParametersDefaultValues(), connection, TransformationOverrideHandler);
            
                            foreach (Error error in errors)
                            {
                                Console.WriteLine(error.ToString());
                            }
            
                        }
            
                        static void TransformationOverrideHandler(System.Xml.Xsl.XslCompiledTransform transform, System.Xml.Xsl.XsltArgumentList xsltArgs, System.Xml.XmlReader reader, System.Xml.XmlWriter writer)
                        {
                            if (transform != null)
                            {
                                // The Debugger will stop at the Debugger.Break() line below.
                                // To step into the Transform method call, step to the transformation line and 
                                // then press F11 in order to step into the XSL code.
                                System.Diagnostics.Debugger.Break();
                                transform.Transform(reader, xsltArgs, writer);
                            }
                            else
                            {
                                // The original transformation object is always expected to be passed to the handler. 
                                throw new NullReferenceException("XSLT Transformer object not initialized.");
                            }
                        }
            
            
                    }
                }
               </code>
               </example>
             <remarks></remarks>
             <exception cref="T:System.ArgumentNullException">rule;The argument is required.</exception>
        </member>
        <member name="M:Ubitsoft.SqlEnlight.Sdk.SdkAnalysisService.Debug(Ubitsoft.SqlEnlight.Model.Analysis.AnalysisRule,System.String,System.Collections.Generic.Dictionary{System.String,System.String},System.Xml.XPath.XPathNavigator,Ubitsoft.SqlEnlight.Sdk.AnalysisTransformationOverrideHandler)">
             <summary>
             Debug the XSLT transformation of the given analysis rule.
             </summary>
             <param name="rule">Analysis rule which to be debugged.</param>
             <param name="sql">SQL script which will be provided to the rule.</param>
             <param name="parameters">Rule specific parameters.</param>
             <param name="analysisContext">Database analysis context XPathNavigator. If null, the rule will be applied without context.</param>
             <param name="handler">A delegate which to be called before the transformation in order to enable debugging of rule's XSLT.</param>
             <returns>Array of analysis rule violations.</returns>
             <example>
             The following code example shows how the rule's XSL transformation can be debugged.
               <code>
                using System;
                using System.Text;
                using System.Data.SqlClient;
                using System.Configuration;
                using System.Collections.Generic;
                using Ubitsoft.SqlEnlight.Sdk;
                using Ubitsoft.SqlEnlight.Model.Analysis;
                using Ubitsoft.SqlEnlight.Model;
            
                namespace Ubitsoft.SqlEnlight.Sdk.Examples
                {
                    class DebugExampleCode1
                    {        [STAThread]
                        static void Main(string[] args)
                        {
            
                            Ubitsoft.SqlEnlight.Sdk.ISdkServiceProvider sdk = new SdkServiceProvider();
            
                            AnalysisRule rule = new Ubitsoft.SqlEnlight.Analysis.Rules.SA0004();
            
                            SqlConnection connection = new SqlConnection("Data Source=.;Integrated Security=true;Initial Catalog=AdventureWorks;");
            
                            System.Xml.XPath.XPathNavigator contextNavigator = sdk.Analysis.GetContext(connection);
            
                            Error[] errors = sdk.Analysis.Debug(rule, rule.TestScript, rule.GetParametersDefaultValues(), contextNavigator, TransformationOverrideHandler);
                            foreach (Error error in errors)
                            {
                                Console.WriteLine(error.ToString());
                            }
                        }
            
                        static void TransformationOverrideHandler(System.Xml.Xsl.XslCompiledTransform transform, System.Xml.Xsl.XsltArgumentList xsltArgs, System.Xml.XmlReader reader, System.Xml.XmlWriter writer)
                        {
                            if (transform != null)
                            {
                                // The Debugger will stop at the Debugger.Break() line below.
                                // To step into the Transform method call, step to the transformation line and 
                                // then press F11 in order to step into the XSL code.
                                System.Diagnostics.Debugger.Break();
                                transform.Transform(reader, xsltArgs, writer);
                            }
                            else
                            {
                                // The original transformation object is always expected to be passed to the handler. 
                                throw new NullReferenceException("XSLT Transformer object not initialized.");
                            }
                        }
                    }
                }
            
               </code>
               </example>
             <remarks></remarks>
             <exception cref="T:System.ArgumentNullException">rule;The argument is required.</exception>
        </member>
        <member name="M:Ubitsoft.SqlEnlight.Sdk.SdkAnalysisService.Debug(Ubitsoft.SqlEnlight.Model.Analysis.AnalysisRule,System.String,System.Collections.Generic.Dictionary{System.String,System.String},System.Data.SqlClient.SqlConnection,System.Object)">
             <summary>
             Debug the XSLT transformation of the given analysis rule.
             </summary>
             <param name="rule">Analysis rule which to be debugged.</param>
             <param name="sql">SQL script which will be provided to the rule.</param>
             <param name="parameters">Rule specific parameters.</param>
             <param name="connection">Connection to the context database. If null, the rule will be applied without context.</param>
             <param name="handler">A delegate which to be called before the transformation in order to enable debugging of rule's XSLT.</param>
             <returns>Array of analysis rule violations.</returns>
             <example>
             The following code example shows how the rule's XSL transformation can be debugged.
               <code>
                using System;
                using System.Text;
                using System.Data.SqlClient;
                using System.Configuration;
                using System.Collections.Generic;
                using Ubitsoft.SqlEnlight.Sdk;
                using Ubitsoft.SqlEnlight.Model.Analysis;
                using Ubitsoft.SqlEnlight.Model;
            
                namespace Ubitsoft.SqlEnlight.Sdk.Examples
                {
                    class DebugExampleCode
                    {
                        [STAThread]
                        static void Main(string[] args)
                        {
                            Ubitsoft.SqlEnlight.Sdk.ISdkServiceProvider sdk = new SdkServiceProvider();
            
                            AnalysisRule rule = new Ubitsoft.SqlEnlight.Analysis.Rules.SA0004();
            
                            SqlConnection connection = new SqlConnection("Data Source=.;Integrated Security=true;Initial Catalog=AdventureWorks;");
            
                            Error[] errors = sdk.Analysis.Debug(rule, rule.TestScript, rule.GetParametersDefaultValues(), connection, TransformationOverrideHandler);
            
                            foreach (Error error in errors)
                            {
                                Console.WriteLine(error.ToString());
                            }
            
                        }
            
                        static void TransformationOverrideHandler(System.Xml.Xsl.XslCompiledTransform transform, System.Xml.Xsl.XsltArgumentList xsltArgs, System.Xml.XmlReader reader, System.Xml.XmlWriter writer)
                        {
                            if (transform != null)
                            {
                                // The Debugger will stop at the Debugger.Break() line below.
                                // To step into the Transform method call, step to the transformation line and 
                                // then press F11 in order to step into the XSL code.
                                System.Diagnostics.Debugger.Break();
                                transform.Transform(reader, xsltArgs, writer);
                            }
                            else
                            {
                                // The original transformation object is always expected to be passed to the handler. 
                                throw new NullReferenceException("XSLT Transformer object not initialized.");
                            }
                        }
            
            
                    }
                }
               </code>
               </example>
             <remarks></remarks>
             <exception cref="T:System.ArgumentNullException">rule;The argument is required.</exception>
        </member>
        <member name="M:Ubitsoft.SqlEnlight.Sdk.SdkAnalysisService.Debug(Ubitsoft.SqlEnlight.Model.Analysis.AnalysisRule,System.String,System.Collections.Generic.Dictionary{System.String,System.String},System.Xml.XPath.XPathNavigator,System.Object)">
             <summary>
             Debug the XSLT transformation of the given analysis rule.
             </summary>
             <param name="rule">Analysis rule which to be debugged.</param>
             <param name="sql">SQL script which will be provided to the rule.</param>
             <param name="parameters">Rule specific parameters.</param>
             <param name="analysisContext">Database analysis context XPathNavigator. If null, the rule will be applied without context.</param>
             <param name="handler">A delegate which to be called before the transformation in order to enable debugging of rule's XSLT.</param>
             <returns>Array of analysis rule violations.</returns>
             <example>
             The following code example shows how the rule's XSL transformation can be debugged.
               <code>
                using System;
                using System.Text;
                using System.Data.SqlClient;
                using System.Configuration;
                using System.Collections.Generic;
                using Ubitsoft.SqlEnlight.Sdk;
                using Ubitsoft.SqlEnlight.Model.Analysis;
                using Ubitsoft.SqlEnlight.Model;
            
                namespace Ubitsoft.SqlEnlight.Sdk.Examples
                {
                    class DebugExampleCode1
                    {        [STAThread]
                        static void Main(string[] args)
                        {
            
                            Ubitsoft.SqlEnlight.Sdk.ISdkServiceProvider sdk = new SdkServiceProvider();
            
                            AnalysisRule rule = new Ubitsoft.SqlEnlight.Analysis.Rules.SA0004();
            
                            SqlConnection connection = new SqlConnection("Data Source=.;Integrated Security=true;Initial Catalog=AdventureWorks;");
            
                            System.Xml.XPath.XPathNavigator contextNavigator = sdk.Analysis.GetContext(connection);
            
                            Error[] errors = sdk.Analysis.Debug(rule, rule.TestScript, rule.GetParametersDefaultValues(), contextNavigator, TransformationOverrideHandler);
                            foreach (Error error in errors)
                            {
                                Console.WriteLine(error.ToString());
                            }
                        }
            
                        static void TransformationOverrideHandler(System.Xml.Xsl.XslCompiledTransform transform, System.Xml.Xsl.XsltArgumentList xsltArgs, System.Xml.XmlReader reader, System.Xml.XmlWriter writer)
                        {
                            if (transform != null)
                            {
                                // The Debugger will stop at the Debugger.Break() line below.
                                // To step into the Transform method call, step to the transformation line and 
                                // then press F11 in order to step into the XSL code.
                                System.Diagnostics.Debugger.Break();
                                transform.Transform(reader, xsltArgs, writer);
                            }
                            else
                            {
                                // The original transformation object is always expected to be passed to the handler. 
                                throw new NullReferenceException("XSLT Transformer object not initialized.");
                            }
                        }
                    }
                }
            
               </code>
               </example>
             <remarks></remarks>
             <exception cref="T:System.ArgumentNullException">rule;The argument is required.</exception>
        </member>
        <member name="M:Ubitsoft.SqlEnlight.Sdk.SdkAnalysisService.Test(Ubitsoft.SqlEnlight.Model.Analysis.AnalysisRule,System.Collections.Generic.Dictionary{System.String,System.String},System.Data.SqlClient.SqlConnection)">
             <summary>
             Test an analysis rule by applying it on the rule's TestScript.
             The method is designed to be used for implementing AnalysisRule unit tests.
             </summary>
             <param name="rule">Analysis rule which to be tested.</param>
             <param name="parameters">Rule specific parameters.</param>
             <param name="connection">Connection to the context database. If null, the rule will be applied without context.</param>
             <returns>Array of analysis rule violations.</returns>
             <example>
             The following code example shows method's usage.
               <code>
                using System;
                using System.Text;
                using System.Data.SqlClient;
                using System.Configuration;
                using System.Collections.Generic;
                using Ubitsoft.SqlEnlight.Sdk;
                using Ubitsoft.SqlEnlight.Model.Analysis;
                using Ubitsoft.SqlEnlight.Model;
            
                namespace Ubitsoft.SqlEnlight.Sdk.Examples
                {
                    class TestExampleCode
                    {
                        [STAThread]
                        static void Main(string[] args)
                        {
                            Ubitsoft.SqlEnlight.Sdk.ISdkServiceProvider sdk = new SdkServiceProvider();
            
                            AnalysisRule rule = new Ubitsoft.SqlEnlight.Analysis.Rules.SA0066A();
            
                            SqlConnection connection = new SqlConnection("Data Source=.;Integrated Security=true;Initial Catalog=AdventureWorks;");
            
                            Dictionary&lt;string, string&gt; parameters = rule.GetParametersDefaultValues();
            
                            Error[] errors = sdk.Analysis.Test(rule, parameters, connection);
            
                            foreach (Error error in errors)
                            {
                                Console.WriteLine(error.ToString());
                            }
            
                        }
                    }
                }
            
               </code>
               </example>
             <remarks></remarks>
             <exception cref="T:System.ArgumentNullException">rule;The argument is required.</exception>
        </member>
        <member name="M:Ubitsoft.SqlEnlight.Sdk.SdkAnalysisService.Test(Ubitsoft.SqlEnlight.Model.Analysis.AnalysisRule,System.String,System.Collections.Generic.Dictionary{System.String,System.String},System.Data.SqlClient.SqlConnection)">
             <summary>
             Test an analysis rule by applying it on the rule's TestScript.
             The method is designed to be used for implementing AnalysisRule unit tests.
             </summary>
             <param name="rule">Analysis rule which to be tested.</param>
             <param name="sql">Target test SQL script.</param>
             <param name="parameters">Rule specific parameters.</param>
             <param name="connection">Connection to the context database. If null, the rule will be applied without context.</param>
             <returns>Array of analysis rule violations.</returns>
             <example>
             The following code example shows method's usage.
               <code>
                using System;
                using System.Text;
                using System.Data.SqlClient;
                using System.Configuration;
                using System.Collections.Generic;
                using Ubitsoft.SqlEnlight.Sdk;
                using Ubitsoft.SqlEnlight.Model.Analysis;
                using Ubitsoft.SqlEnlight.Model;
            
                namespace Ubitsoft.SqlEnlight.Sdk.Examples
                {
                    class TestExampleCode
                    {
                        [STAThread]
                        static void Main(string[] args)
                        {
                            Ubitsoft.SqlEnlight.Sdk.ISdkServiceProvider sdk = new SdkServiceProvider();
            
                            AnalysisRule rule = new Ubitsoft.SqlEnlight.Analysis.Rules.SA0066A();
            
                            SqlConnection connection = new SqlConnection("Data Source=.;Integrated Security=true;Initial Catalog=AdventureWorks;");
            
                            Dictionary&lt;string, string&gt; parameters = rule.GetParametersDefaultValues();
            
                            Error[] errors = sdk.Analysis.Test(rule, rule.TestScript, parameters, connection);
            
                            foreach (Error error in errors)
                            {
                                Console.WriteLine(error.ToString());
                            }
            
                        }
                    }
                }
            
               </code>
               </example>
             <remarks></remarks>
             <exception cref="T:System.ArgumentNullException">rule;The argument is required.</exception>
        </member>
        <member name="M:Ubitsoft.SqlEnlight.Sdk.SdkAnalysisService.Test(Ubitsoft.SqlEnlight.Model.Analysis.AnalysisRule,System.Collections.Generic.Dictionary{System.String,System.String},System.Xml.XPath.XPathNavigator)">
             <summary>
             Test an analysis rule by applying it on the rule's TestScript.
             </summary>
             <param name="rule">Analysis rule which to be tested.</param>
             <param name="parameters">Rule specific parameters.</param>
             <param name="analysisContext">Database analysis context XPathNavigator. If null, the rule will be applied without context.</param>
             <returns>Array of analysis rule violations.</returns>
             <example>
             The following code example shows method's usage.
               <code>
                using System;
                using System.Text;
                using System.Data.SqlClient;
                using System.Configuration;
                using System.Collections.Generic;
                using Ubitsoft.SqlEnlight.Sdk;
                using Ubitsoft.SqlEnlight.Model.Analysis;
                using Ubitsoft.SqlEnlight.Model;
            
                namespace Ubitsoft.SqlEnlight.Sdk.Examples
                {
                    class TestExampleCode1
                    {
                        [STAThread]
                        static void Main(string[] args)
                        {
                            Ubitsoft.SqlEnlight.Sdk.ISdkServiceProvider sdk = new SdkServiceProvider();
            
                            AnalysisRule rule = new Ubitsoft.SqlEnlight.Analysis.Rules.SA0066A();
            
                            SqlConnection connection = new SqlConnection("Data Source=.;Integrated Security=true;Initial Catalog=AdventureWorks;");
            
                            System.Xml.XPath.XPathNavigator contextNavigator = sdk.Analysis.GetContext(connection);
            
                            Dictionary&lt;string, string&gt; parameters = new Dictionary&lt;string, string&gt;(); //rule.GetParametersDefaultValues();
                            parameters.Add("GeneralColumnNamePattern","regexp:[A-Z][A-Za-z1-9]+");
                            parameters.Add("PrimaryKeyColumnNamePattern","{table_name}ID");
                            parameters.Add("ForeignKeyColumnNamePattern","{referenced_column}");
                            parameters.Add("BitColumnNamePattern","regexp:[A-Z][A-Za-z1-9]+");
                            parameters.Add("StringColumnNamePattern","regexp:[A-Z][A-Za-z1-9]+");
                            parameters.Add("DateTimeColumnNamePattern","regexp:[A-Z][A-Za-z1-9]+");
                            parameters.Add("NumericColumnNamePattern","regexp:[A-Z][A-Za-z1-9]+");
                            parameters.Add("BinaryColumnNamePattern","regexp:[A-Z][A-Za-z1-9]+");
                            parameters.Add("GeographyColumnNamePattern","regexp:[A-Z][A-Za-z1-9]+");
                            parameters.Add("HierarchyidColumnNamePattern","regexp:[A-Z][A-Za-z1-9]+");
                            parameters.Add("UniqueidentifierColumnNamePattern","regexp:[A-Z][A-Za-z1-9]+");
                            parameters.Add("XmlColumnNamePattern","regexp:[A-Z][A-Za-z1-9]+");
                            parameters.Add("SqlVariantColumnNamePattern","regexp:[A-Z][A-Za-z1-9]+");
                            parameters.Add("TableColumnNamePattern","regexp:[A-Z][A-Za-z1-9]+");
                            parameters.Add("TimestampColumnNamePattern","regexp:[A-Z][A-Za-z1-9]+");
            
                            Error[] errors = sdk.Analysis.Test(rule, parameters, contextNavigator);
            
                            foreach (Error error in errors)
                            {
                                Console.WriteLine(error.ToString());
                            }
                        }
                    }
                }
            
               </code>
               </example>
             <remarks>The method is designed to be used for implementing AnalysisRule unit tests.</remarks>
             <exception cref="T:System.ArgumentNullException">rule;The argument is required.</exception>
        </member>
        <member name="M:Ubitsoft.SqlEnlight.Sdk.SdkAnalysisService.Test(Ubitsoft.SqlEnlight.Model.Analysis.AnalysisRule,System.String,System.Collections.Generic.Dictionary{System.String,System.String},System.Xml.XPath.XPathNavigator)">
             <summary>
             Test an analysis rule by applying it on given SQL script.
             </summary>
             <param name="rule">Analysis rule which to be tested.</param>
             <param name="sql">Target test SQL script.</param>
             <param name="parameters">Rule specific parameters.</param>
             <param name="analysisContext">Database analysis context XPathNavigator. If null, the rule will be applied without context.</param>
             <returns>Array of analysis rule violations.</returns>
             <example>
             The following code example shows method's usage.
               <code>
                using System;
                using System.Text;
                using System.Data.SqlClient;
                using System.Configuration;
                using System.Collections.Generic;
                using Ubitsoft.SqlEnlight.Sdk;
                using Ubitsoft.SqlEnlight.Model.Analysis;
                using Ubitsoft.SqlEnlight.Model;
            
                namespace Ubitsoft.SqlEnlight.Sdk.Examples
                {
                    class TestExampleCode1
                    {
                        [STAThread]
                        static void Main(string[] args)
                        {
                            Ubitsoft.SqlEnlight.Sdk.ISdkServiceProvider sdk = new SdkServiceProvider();
            
                            AnalysisRule rule = new Ubitsoft.SqlEnlight.Analysis.Rules.SA0066A();
            
                            SqlConnection connection = new SqlConnection("Data Source=.;Integrated Security=true;Initial Catalog=AdventureWorks;");
            
                            System.Xml.XPath.XPathNavigator contextNavigator = sdk.Analysis.GetContext(connection);
            
                            Dictionary&lt;string, string&gt; parameters = new Dictionary&lt;string, string&gt;();
                            parameters.Add("GeneralColumnNamePattern","regexp:[A-Z][A-Za-z1-9]+");
                            parameters.Add("PrimaryKeyColumnNamePattern","{table_name}ID");
                            parameters.Add("ForeignKeyColumnNamePattern","{referenced_column}");
                            parameters.Add("BitColumnNamePattern","regexp:[A-Z][A-Za-z1-9]+");
                            parameters.Add("StringColumnNamePattern","regexp:[A-Z][A-Za-z1-9]+");
                            parameters.Add("DateTimeColumnNamePattern","regexp:[A-Z][A-Za-z1-9]+");
                            parameters.Add("NumericColumnNamePattern","regexp:[A-Z][A-Za-z1-9]+");
                            parameters.Add("BinaryColumnNamePattern","regexp:[A-Z][A-Za-z1-9]+");
                            parameters.Add("GeographyColumnNamePattern","regexp:[A-Z][A-Za-z1-9]+");
                            parameters.Add("HierarchyidColumnNamePattern","regexp:[A-Z][A-Za-z1-9]+");
                            parameters.Add("UniqueidentifierColumnNamePattern","regexp:[A-Z][A-Za-z1-9]+");
                            parameters.Add("XmlColumnNamePattern","regexp:[A-Z][A-Za-z1-9]+");
                            parameters.Add("SqlVariantColumnNamePattern","regexp:[A-Z][A-Za-z1-9]+");
                            parameters.Add("TableColumnNamePattern","regexp:[A-Z][A-Za-z1-9]+");
                            parameters.Add("TimestampColumnNamePattern","regexp:[A-Z][A-Za-z1-9]+");
            
                            Error[] errors = sdk.Analysis.Test(rule, rule.TestScript, parameters, contextNavigator);
            
                            foreach (Error error in errors)
                            {
                                Console.WriteLine(error.ToString());
                            }
                        }
                    }
                }
            
               </code>
               </example>
             <remarks>The method is designed to be used for implementing AnalysisRule unit tests.</remarks>
             <exception cref="T:System.ArgumentNullException">rule;The argument is required.</exception>
        </member>
        <member name="M:Ubitsoft.SqlEnlight.Sdk.SdkAnalysisService.GetContextXml(System.Data.SqlClient.SqlConnection)">
            <summary>
            Generates Analysis Context XML.
            </summary>
            <param name="connection">SqlConnection which to be used to generate the context.</param>
            <returns>XML</returns>
            <example>
            The following code example shows how the rule's XSL transformation can be debugged.
              <code>
              
                // Create instance of the provider class.
                Ubitsoft.SqlEnlight.Sdk.ISdkServiceProvider sdk = new SdkServiceProvider();
            
                // To generate a XML context of a given database, just pass a new SqlConnection to it to the GetContext method.
                string contextXml = sdk.Analysis.GetContextXml(new SqlConnection("Data Source=.;Integrated Security=true;Initial Catalog=AdventureWorks;"));
            
              </code>
              </example>
            <remarks></remarks>
            <exception cref="T:System.ArgumentNullException">connection;The argument is required.</exception>
        </member>
        <member name="M:Ubitsoft.SqlEnlight.Sdk.SdkAnalysisService.GetContext(System.Data.SqlClient.SqlConnection)">
            <summary>
            Generates Analysis Context as XPathNavigator.
            </summary>
            <param name="connection">SqlConnection which to be used to generate the context.</param>
            <returns>XpathNavigator of the context.</returns>
            <example>
            The following code example shows how the rule's XSL transformation can be debugged.
              <code>
              
                // Create instance of the provider class.
                Ubitsoft.SqlEnlight.Sdk.ISdkServiceProvider sdk = new SdkServiceProvider();
                
                // To generate a XPathNavigator for the context database, just pass a new SqlConnection to the GetContext method.
                XPathNavigator contextNavigator = sdk.Analysis.GetContext(new SqlConnection("Data Source=.;Integrated Security=true;Initial Catalog=AdventureWorks;"));
                
              </code>
              </example>
            <remarks></remarks>
            <exception cref="T:System.ArgumentNullException">connection;The argument is required.</exception>
        </member>
        <member name="M:Ubitsoft.SqlEnlight.Sdk.SdkAnalysisService.CreateXsltTransformRule(Ubitsoft.SqlEnlight.Model.Analysis.AnalysisRule,System.String,System.String)">
            <summary>
            Constructs XSLT analysis template for the given rule and compiles template using XslCompiledTransform.
            The XslCompiledTransform instance is constructed with debugging enabled.
            </summary>
            <param name="rule">The rule.</param>
            <param name="analysisXslt">The analysis XSLT.</param>
            <param name="outputXsltFile">The output XSLT file.</param>
            <returns>
            XslCompiledTransform instance.
            </returns>
        </member>
        <member name="M:Ubitsoft.SqlEnlight.Sdk.SdkAnalysisService.CreateXsltTransformRule(Ubitsoft.SqlEnlight.Model.Analysis.AnalysisRule,System.String)">
            <summary>
            Creates the XSLT transform rule.
            </summary>
            <param name="rule">The rule.</param>
            <param name="analysisXslt">The analysis XSLT.</param>
            <returns></returns>
        </member>
        <member name="M:Ubitsoft.SqlEnlight.Sdk.SdkAnalysisService.CreateAnalysisXslTemplate(System.String,System.Collections.Generic.IEnumerable{Ubitsoft.SqlEnlight.Model.Analysis.AnalysisRule})">
            <summary>
            Creates the analysis XSL template.
            </summary>
            <param name="baseTemplateContent">Content of the base template.</param>
            <param name="rules">The rules.</param>
            <returns></returns>
            <exception cref="T:System.InvalidOperationException"></exception>
        </member>
        <member name="M:Ubitsoft.SqlEnlight.Sdk.SdkAnalysisService.RegisterAnalysisTransformationHandler(Ubitsoft.SqlEnlight.Sdk.AnalysisTransformationOverrideHandler)">
            <summary>
            Registers the analysis transformation handler.
            </summary>
            <param name="handler">The handler.</param>
            <returns></returns>
        </member>
        <member name="M:Ubitsoft.SqlEnlight.Sdk.SdkAnalysisService.UnRegisterAnalysisTransformationHandler(Ubitsoft.SqlEngage.Templates.TransformationOverrideHandler)">
            <summary>
            Unregisters analysis transformation handler.
            </summary>
            <param name="originalHandler">The original handler.</param>
            <returns></returns>
        </member>
        <member name="M:Ubitsoft.SqlEnlight.Sdk.SdkAnalysisService.TemplateFilteringTransformationOverrideHandler(System.Xml.Xsl.XslCompiledTransform,System.Xml.Xsl.XsltArgumentList,System.Xml.XmlReader,System.Xml.XmlWriter,System.String)">
            <summary>
            Templates the filtering transformation override handler.
            </summary>
            <param name="transform">The transform.</param>
            <param name="xsltArgs">The XSLT args.</param>
            <param name="reader">The reader.</param>
            <param name="writer">The writer.</param>
            <param name="templateId">The template id.</param>
            <exception cref="T:System.NullReferenceException">XSLT Transformer object not initialized.</exception>
        </member>
        <member name="M:Ubitsoft.SqlEnlight.Sdk.SdkAnalysisService.AnalyzeFiles(System.Collections.Generic.IEnumerable{System.String},System.String,System.Collections.Generic.Dictionary{System.String,Ubitsoft.SqlEnlight.Model.Analysis.NamedParameterValue[]},System.Xml.XPath.XPathNavigator,Ubitsoft.SqlEnlight.Model.Analysis.AnalysisTemplate,System.IO.TextWriter)">
            <summary>
            Analyzes the provided files.
            </summary>
            <param name="files">The files that to be analyzed.</param>
            <param name="rules">Separated list of rules. Separator can be any of comma,semicolon or pipe characters.</param>
            <param name="rulesParameters">The parameters for the rules.</param>
            <param name="analysisContext">The analysis context.</param>
            <param name="template">The analysis template.</param>
            <param name="reportWriter">The report writer.</param>
            <exception cref="T:System.ArgumentNullException">
            files;The argument is required.
            or
            template;The argument is required.
            </exception>
        </member>
        <member name="M:Ubitsoft.SqlEnlight.Sdk.SdkAnalysisService.AnalyzeServerObjects(System.Data.SqlClient.SqlConnection,System.String,System.String,System.String,System.Collections.Generic.Dictionary{System.String,Ubitsoft.SqlEnlight.Model.Analysis.NamedParameterValue[]},Ubitsoft.SqlEnlight.Model.Analysis.AnalysisTemplate,System.IO.TextWriter)">
            <summary>
            Analyzes the specified server objects.
            </summary>
            <param name="connection">The connection to the server and database that contain the target objects.</param>
            <param name="objectName">Name of the target object.</param>
            <param name="objectType">Type of the object.</param>
            <param name="rules">The rules.</param>
            <param name="rulesParameters">The rules parameters.</param>
            <param name="template">The analysis template.</param>
            <param name="reportWriter">The report writer.</param>
            <exception cref="T:System.ArgumentNullException">
            connection;The argument is required.
            or
            template;The argument is required.
            </exception>
            <exception cref="T:System.ArgumentException">
            objectName;The argument is required.
            or
            objectType;The argument is required.
            </exception>
        </member>
        <member name="P:Ubitsoft.SqlEnlight.Sdk.SdkAnalysisService.AnalysisXslTemplate">
            <summary>
            Gets the analysis XSL template.
            </summary>
            <remarks></remarks>
        </member>
        <member name="T:Ubitsoft.SqlEnlight.Sdk.SdkLayoutService">
            <summary>
            
            </summary>
            <remarks></remarks>
        </member>
        <member name="F:Ubitsoft.SqlEnlight.Sdk.SdkLayoutService._layoutFeatureService">
            <summary>
            
            </summary>
        </member>
        <member name="M:Ubitsoft.SqlEnlight.Sdk.SdkLayoutService.#ctor(Ubitsoft.SqlEnlight.Services.Interfaces.ILayoutFeatureService)">
            <summary>
            Initializes a new instance of the <see cref="T:Ubitsoft.SqlEnlight.Sdk.SdkAnalysisService"/> class.
            </summary>
            <param name="layoutFeatureService">The layout feature service.</param>
        </member>
        <member name="M:Ubitsoft.SqlEnlight.Sdk.SdkLayoutService.LayoutFiles(System.Collections.Generic.IEnumerable{System.String},System.String,System.String)">
            <summary>
            Applies the provided layout template to all files in the list.
            </summary>
            <param name="files">The target files.</param>
            <param name="outputPath">The output path where the processed files will be saved.</param>
            <param name="templateNameOrFilePath">The layout template name or file path.</param>
            <returns>Path to each new processed file.</returns>
            <remarks></remarks>
        </member>
        <member name="T:Ubitsoft.SqlEnlight.Sdk.SdkParserService">
            <summary>
            Implementation of the ISdkParserService interface.
            </summary>
            <remarks></remarks>
        </member>
        <member name="F:Ubitsoft.SqlEnlight.Sdk.SdkParserService._parseService">
            <summary>
            
            </summary>
        </member>
        <member name="M:Ubitsoft.SqlEnlight.Sdk.SdkParserService.#ctor(Ubitsoft.SqlEnlight.Services.Interfaces.IParseFeatureService)">
            <summary>
            Initializes a new instance of the <see cref="T:Ubitsoft.SqlEnlight.Sdk.SdkParserService"/> class.
            </summary>
            <param name="parseService">The parse service.</param>
        </member>
        <member name="M:Ubitsoft.SqlEnlight.Sdk.SdkParserService.ParseBatch(System.String,System.Boolean)">
            <summary>
            Parses the sql script and returns a SQML string.
            </summary>
            <param name="batchSql">A single SQL batch.</param>
            <param name="quotedIdentifierOn">Sets the QUOTED_IDENTIFIER state before parsing.</param>
            <returns>
            SQML result of the parsed batch.
            </returns>
            <exception cref="T:System.ArgumentNullException">batchSql;The argument is required.</exception>
        </member>
        <member name="M:Ubitsoft.SqlEnlight.Sdk.SdkParserService.ValidateBatch(System.String,System.Boolean)">
            <summary>
            Validates the batch.
            </summary>
            <param name="batchSql">The batch SQL.</param>
            <param name="quotedIdentifierOn">if set to <c>true</c> [quoted identifier on].</param>
            <exception cref="T:System.ArgumentNullException">batchSql;The argument is required.</exception>
        </member>
        <member name="T:Ubitsoft.SqlEnlight.Sdk.SdkServiceProvider">
            <summary>
            Implementation of the ISdkServiceProvider interface.
            </summary>
            <example>
            The following code example demonstrates how to create an instance of the SdkServiceProvider and use its Analysis Service.
              <code>
            // Create instance of the provider class.
            Ubitsoft.SqlEnlight.Sdk.ISdkServiceProvider sdk = new SdkServiceProvider();
            // To generate a XPathNavigator for the context database, just pass a new SqlConnection to the GetContext method.
            XPathNavigator contextNavigator = sdk.Analysis.GetContext(new SqlConnection("Data Source=.;Integrated Security=true;Initial Catalog=AdventureWorks;"));
              </code>
              </example>
            <remarks></remarks>
        </member>
        <member name="F:Ubitsoft.SqlEnlight.Sdk.SdkServiceProvider._analysisService">
            <summary>
            
            </summary>
        </member>
        <member name="F:Ubitsoft.SqlEnlight.Sdk.SdkServiceProvider._parserService">
            <summary>
            
            </summary>
        </member>
        <member name="F:Ubitsoft.SqlEnlight.Sdk.SdkServiceProvider._services">
            <summary>
            
            </summary>
        </member>
        <member name="M:Ubitsoft.SqlEnlight.Sdk.SdkServiceProvider.#ctor">
            <summary>
            Initializes a new instance of the <see cref="T:Ubitsoft.SqlEnlight.Sdk.SdkServiceProvider"/> class.
            </summary>
            <remarks></remarks>
        </member>
        <member name="M:Ubitsoft.SqlEnlight.Sdk.SdkServiceProvider.GetService``1">
            <summary>
            Gets an instance of SDK service using the generic type parameter.
            </summary>
            <typeparam name="T">Service interface type.</typeparam>
            <returns>Service instance casted to the generic type parameter.</returns>
            <exception cref="T:System.NotSupportedException">The exception is thrown when the given service interface is not supported.</exception>
            <remarks></remarks>
        </member>
        <member name="M:Ubitsoft.SqlEnlight.Sdk.SdkServiceProvider.GetService(System.Guid)">
            <summary>
            Gets an instance of the SDK service that is requested by the GUID associated with the service's interface System.Type.
            </summary>
            <param name="serviceId">The GUID associated with the service's interface System.Type.</param>
            <returns>Instance of the ISdkServiceBase interface.</returns>
            <exception cref="T:System.NotSupportedException">The exception is thrown when the given service interface is not supported.</exception>
            <remarks></remarks>
        </member>
        <member name="P:Ubitsoft.SqlEnlight.Sdk.SdkServiceProvider.Analysis">
            <summary>
            Instance of the Analysis Service.
            </summary>
            <remarks></remarks>
        </member>
        <member name="P:Ubitsoft.SqlEnlight.Sdk.SdkServiceProvider.Parser">
            <summary>
            Instance of the Parser Service.
            </summary>
            <remarks></remarks>
        </member>
        <member name="P:Ubitsoft.SqlEnlight.Sdk.SdkServiceProvider.Layout">
            <summary>
            Instance of the Parser Service.
            </summary>
            <remarks></remarks>
        </member>
        <member name="T:Ubitsoft.SqlEnlight.Sdk.SqlStatementKind">
            <summary>
             Enumeration for possible kinds of T-SQL statements.
            </summary>
        </member>
    </members>
</doc>
