<?xml version="1.0"?>
<doc>
    <assembly>
        <name>Ubitsoft.SqlEnlight.Model</name>
    </assembly>
    <members>
        <member name="T:Ubitsoft.SqlEnlight.Model.Analysis.AdditionalInfo">
            <summary>
            Represents link and description to related to specific topic information.
            The class is used by the <see cref="T:Ubitsoft.SqlEnlight.Model.Analysis.AnalysisRule"/> type to provide reference to additional resources or information for the the rule.
            </summary>
            <remarks></remarks>
        </member>
        <member name="F:Ubitsoft.SqlEnlight.Model.Analysis.AdditionalInfo._description">
            <summary>
            
            </summary>
        </member>
        <member name="F:Ubitsoft.SqlEnlight.Model.Analysis.AdditionalInfo._url">
            <summary>
            
            </summary>
        </member>
        <member name="M:Ubitsoft.SqlEnlight.Model.Analysis.AdditionalInfo.#ctor">
            <summary>
            Initializes an instance of the <see cref="T:Ubitsoft.SqlEnlight.Model.Analysis.AdditionalInfo"/> class.
            </summary>
            <remarks></remarks>
        </member>
        <member name="M:Ubitsoft.SqlEnlight.Model.Analysis.AdditionalInfo.#ctor(System.String,System.String)">
            <summary>
            Initializes an instance of the <see cref="T:Ubitsoft.SqlEnlight.Model.Analysis.AdditionalInfo"/> class.
            </summary>
            <param name="description">The description.</param>
            <param name="url">The URL.</param>
            <remarks></remarks>
        </member>
        <member name="M:Ubitsoft.SqlEnlight.Model.Analysis.AdditionalInfo.#ctor(System.String)">
            <summary>
            Initializes an instance of the <see cref="T:Ubitsoft.SqlEnlight.Model.Analysis.AdditionalInfo"/> class.
            </summary>
            <param name="url">The URL.</param>
            <remarks></remarks>
        </member>
        <member name="M:Ubitsoft.SqlEnlight.Model.Analysis.AdditionalInfo.Equals(Ubitsoft.SqlEnlight.Model.Analysis.AdditionalInfo)">
            <summary>
            Determines whether the specified <see cref="T:Ubitsoft.SqlEnlight.Model.Analysis.AdditionalInfo"/> is equal to this instance.
            </summary>
            <param name="obj">The <see cref="T:System.Object"/> to compare with this instance.</param>
            <returns>
              <c>true</c> if the specified <see cref="T:Ubitsoft.SqlEnlight.Model.Analysis.AdditionalInfo"/> is equal to this instance; otherwise, <c>false</c>.
            </returns>
            <exception cref="T:System.NullReferenceException">
            The <paramref name="obj"/> parameter is null.
              </exception>
        </member>
        <member name="P:Ubitsoft.SqlEnlight.Model.Analysis.AdditionalInfo.Description">
            <summary>
            Resource description,additional information or remark not included in the main description.
            </summary>
            <value>The description.</value>
            <remarks></remarks>
        </member>
        <member name="P:Ubitsoft.SqlEnlight.Model.Analysis.AdditionalInfo.Url">
            <summary>
            External resource url.
            </summary>
            <value>The URL.</value>
            <remarks></remarks>
        </member>
        <member name="T:Ubitsoft.SqlEnlight.Model.Analysis.IAnalysisGroup">
            <summary>
            
            </summary>
            <remarks></remarks>
        </member>
        <member name="M:Ubitsoft.SqlEnlight.Model.Analysis.IAnalysisGroup.ContainsRule(System.String)">
            <summary>
            Determines whether the specified rule name contains rule.
            </summary>
            <param name="ruleName">Name of the rule.</param>
            <returns><c>true</c> if the specified rule name contains rule; otherwise, <c>false</c>.</returns>
            <remarks></remarks>
        </member>
        <member name="M:Ubitsoft.SqlEnlight.Model.Analysis.IAnalysisGroup.AddRule(System.String)">
            <summary>
            Adds the rule.
            </summary>
            <param name="name">The name.</param>
            <remarks></remarks>
        </member>
        <member name="M:Ubitsoft.SqlEnlight.Model.Analysis.IAnalysisGroup.RemoveRule(System.String)">
            <summary>
            Removes the rule.
            </summary>
            <param name="name">The name.</param>
            <remarks></remarks>
        </member>
        <member name="P:Ubitsoft.SqlEnlight.Model.Analysis.IAnalysisGroup.Description">
            <summary>
            Gets or sets the description.
            </summary>
            <value>The description.</value>
            <remarks></remarks>
        </member>
        <member name="P:Ubitsoft.SqlEnlight.Model.Analysis.IAnalysisGroup.DisplayName">
            <summary>
            Gets or sets the display name.
            </summary>
            <value>The display name.</value>
            <remarks></remarks>
        </member>
        <member name="P:Ubitsoft.SqlEnlight.Model.Analysis.IAnalysisGroup.Enabled">
            <summary>
            Gets or sets a value indicating whether this <see cref="T:Ubitsoft.SqlEnlight.Model.Analysis.IAnalysisGroup"/> is enabled.
            </summary>
            <value><c>true</c> if enabled; otherwise, <c>false</c>.</value>
            <remarks></remarks>
        </member>
        <member name="P:Ubitsoft.SqlEnlight.Model.Analysis.IAnalysisGroup.Name">
            <summary>
            Gets or sets the name.
            </summary>
            <value>The name.</value>
            <remarks></remarks>
        </member>
        <member name="P:Ubitsoft.SqlEnlight.Model.Analysis.IAnalysisGroup.Rules">
            <summary>
            Gets or sets the rules.
            </summary>
            <value>The rules.</value>
            <remarks></remarks>
        </member>
        <member name="T:Ubitsoft.SqlEnlight.Model.Analysis.AnalysisGroup">
            <summary>
            Represents a group of analysis rules.
            </summary>
            <remarks></remarks>
        </member>
        <member name="F:Ubitsoft.SqlEnlight.Model.Analysis.AnalysisGroup._name">
            <summary>
            
            </summary>
        </member>
        <member name="F:Ubitsoft.SqlEnlight.Model.Analysis.AnalysisGroup._displayName">
            <summary>
            
            </summary>
        </member>
        <member name="F:Ubitsoft.SqlEnlight.Model.Analysis.AnalysisGroup._description">
            <summary>
            
            </summary>
        </member>
        <member name="F:Ubitsoft.SqlEnlight.Model.Analysis.AnalysisGroup._rules">
            <summary>
            
            </summary>
        </member>
        <member name="F:Ubitsoft.SqlEnlight.Model.Analysis.AnalysisGroup._enabled">
            <summary>
            
            </summary>
        </member>
        <member name="M:Ubitsoft.SqlEnlight.Model.Analysis.AnalysisGroup.#ctor">
            <summary>
            Initializes an instance of the <see cref="T:Ubitsoft.SqlEnlight.Model.Analysis.AnalysisGroup"/> class.
            </summary>
            <remarks></remarks>
        </member>
        <member name="M:Ubitsoft.SqlEnlight.Model.Analysis.AnalysisGroup.#ctor(System.String,System.String,System.String,System.String[],System.Boolean)">
            <summary>
            Initializes an instance of the <see cref="T:Ubitsoft.SqlEnlight.Model.Analysis.AnalysisGroup"/> class.
            </summary>
            <param name="name">The name.</param>
            <param name="displayName">The display name.</param>
            <param name="description">The description.</param>
            <param name="ruleNames">The rule names.</param>
            <param name="enabled">if set to <c>true</c> [enabled].</param>
            <remarks></remarks>
        </member>
        <member name="M:Ubitsoft.SqlEnlight.Model.Analysis.AnalysisGroup.ContainsRule(System.String)">
            <summary>
            Check if a rule belongs to the group.
            </summary>
            <param name="name">Rule name.</param>
            <returns>True if the rule is in the array of rules, otherwise False.</returns>
            <remarks></remarks>
        </member>
        <member name="M:Ubitsoft.SqlEnlight.Model.Analysis.AnalysisGroup.AddRule(System.String)">
            <summary>
            Adds a rule to this group.
            </summary>
            <param name="name">The name.</param>
            <remarks></remarks>
        </member>
        <member name="M:Ubitsoft.SqlEnlight.Model.Analysis.AnalysisGroup.RemoveRule(System.String)">
            <summary>
            Removes a rule from this group.
            </summary>
            <param name="name">The name.</param>
            <remarks></remarks>
        </member>
        <member name="M:Ubitsoft.SqlEnlight.Model.Analysis.AnalysisGroup.Clone">
            <summary>
            Creates a new clone of the current group.
            </summary>
            <returns>A new object that is a copy of this instance.</returns>
            <remarks></remarks>
        </member>
        <member name="P:Ubitsoft.SqlEnlight.Model.Analysis.AnalysisGroup.Name">
            <summary>
            Group unique name.
            </summary>
            <value>The name.</value>
            <remarks></remarks>
        </member>
        <member name="P:Ubitsoft.SqlEnlight.Model.Analysis.AnalysisGroup.DisplayName">
            <summary>
            The group name name displayed to the user.
            </summary>
            <value>The display name.</value>
            <remarks></remarks>
        </member>
        <member name="P:Ubitsoft.SqlEnlight.Model.Analysis.AnalysisGroup.Description">
            <summary>
            Short description of group's purpose.
            </summary>
            <value>The description.</value>
            <remarks></remarks>
        </member>
        <member name="P:Ubitsoft.SqlEnlight.Model.Analysis.AnalysisGroup.Rules">
            <summary>
            Array of analysis rule names which in the group.
            </summary>
            <value>The rules.</value>
            <remarks></remarks>
        </member>
        <member name="P:Ubitsoft.SqlEnlight.Model.Analysis.AnalysisGroup.Enabled">
            <summary>
            Specifies whether the group to appear in is enabled or disabled.
            </summary>
            <value><c>true</c> if enabled; otherwise, <c>false</c>.</value>
            <remarks></remarks>
        </member>
        <member name="T:Ubitsoft.SqlEnlight.Model.Analysis.AnalysisRuleScope">
            <summary>
            Defines constants for <see cref="T:Ubitsoft.SqlEnlight.Model.Analysis.AnalysisRule"/> scope.
            </summary>
            <remarks></remarks>
        </member>
        <member name="F:Ubitsoft.SqlEnlight.Model.Analysis.AnalysisRuleScope.Batch">
            <summary>
            Batch rule is applied on each SQL batch in the analyzed SQL script.
            </summary>
        </member>
        <member name="F:Ubitsoft.SqlEnlight.Model.Analysis.AnalysisRuleScope.ContextOnly">
            <summary>
            ContextOnly rule is applied only on the database or server schema.
            </summary>
        </member>
        <member name="T:Ubitsoft.SqlEnlight.Model.Analysis.AnalysisRuleSeverityLevel">
            <summary>
            Defines constants for <see cref="T:Ubitsoft.SqlEnlight.Model.Analysis.AnalysisRule"/> default severity level.
            </summary>
            <remarks></remarks>
        </member>
        <member name="F:Ubitsoft.SqlEnlight.Model.Analysis.AnalysisRuleSeverityLevel.Undefined">
            <summary>
            No level is defined.
            </summary>
        </member>
        <member name="F:Ubitsoft.SqlEnlight.Model.Analysis.AnalysisRuleSeverityLevel.Task">
            <summary>
            The rule will result a Task messages.
            </summary>
        </member>
        <member name="F:Ubitsoft.SqlEnlight.Model.Analysis.AnalysisRuleSeverityLevel.Information">
            <summary>
            The rule will result only Informational messages.
            </summary>
        </member>
        <member name="F:Ubitsoft.SqlEnlight.Model.Analysis.AnalysisRuleSeverityLevel.Warning">
            <summary>
             The rule will result Warning messages.
            </summary>
        </member>
        <member name="F:Ubitsoft.SqlEnlight.Model.Analysis.AnalysisRuleSeverityLevel.Error">
            <summary>
             The rule will result Error messages.
            </summary>
        </member>
        <member name="T:Ubitsoft.SqlEnlight.Model.Analysis.AnalysisRuleType">
            <summary>
            Defines constants for <see cref="T:Ubitsoft.SqlEnlight.Model.Analysis.AnalysisRule"/> types.
            </summary>
            <remarks>Currently only XsltExpression type is supported.</remarks>
        </member>
        <member name="F:Ubitsoft.SqlEnlight.Model.Analysis.AnalysisRuleType.XsltExpression">
            <summary>
            The <see cref="T:Ubitsoft.SqlEnlight.Model.Analysis.AnalysisRule"/> expression is implemented using a XSL.
            </summary>
        </member>
        <member name="T:Ubitsoft.SqlEnlight.Model.Analysis.ParameterValueType">
            <summary>
            Defines constants for <see cref="T:Ubitsoft.SqlEnlight.Model.Analysis.AnalysisRule"/> parameters.
            </summary>
            <remarks>String parameter type is the only one supported.</remarks>
        </member>
        <member name="F:Ubitsoft.SqlEnlight.Model.Analysis.ParameterValueType.String">
            <summary>
            The parameter type is string.
            </summary>
        </member>
        <member name="F:Ubitsoft.SqlEnlight.Model.Analysis.ParameterValueType.Boolean">
             <summary>
            
             </summary>
        </member>
        <member name="F:Ubitsoft.SqlEnlight.Model.Analysis.ParameterValueType.IntegerNumber">
             <summary>
            
             </summary>
        </member>
        <member name="F:Ubitsoft.SqlEnlight.Model.Analysis.ParameterValueType.DecimalNumber">
             <summary>
            
             </summary>
        </member>
        <member name="F:Ubitsoft.SqlEnlight.Model.Analysis.ParameterValueType.Xml">
             <summary>
            
             </summary>
        </member>
        <member name="T:Ubitsoft.SqlEnlight.Model.Analysis.IAnalysisRule">
            <summary>
            Interface implemented by the <see cref="T:Ubitsoft.SqlEnlight.Model.Analysis.AnalysisRule"/> class.
            </summary>
            <remarks></remarks>
        </member>
        <member name="M:Ubitsoft.SqlEnlight.Model.Analysis.IAnalysisRule.GetParametersDefaultValues">
            <summary>
            Get a dictionary with default values of the rule parameters.
            </summary>
            <returns>Returns a name-value dictionary with rule parameters.</returns>
            <remarks></remarks>
        </member>
        <member name="M:Ubitsoft.SqlEnlight.Model.Analysis.IAnalysisRule.SetParameters(System.Collections.Generic.IEnumerable{Ubitsoft.SqlEnlight.Model.Analysis.AnalysisRuleParameter})">
            <summary>
            Sets the parameters.
            </summary>
            <param name="parameters">The parameters.</param>
            <remarks></remarks>
        </member>
        <member name="P:Ubitsoft.SqlEnlight.Model.Analysis.IAnalysisRule.AdditionalInfos">
            <summary>
            Additional information or references for the rule.
            </summary>
            <value>The additional infos.</value>
            <remarks></remarks>
        </member>
        <member name="P:Ubitsoft.SqlEnlight.Model.Analysis.IAnalysisRule.Author">
            <summary>
            Author of the analysis rule.
            </summary>
            <value>The author.</value>
            <remarks></remarks>
        </member>
        <member name="P:Ubitsoft.SqlEnlight.Model.Analysis.IAnalysisRule.Description">
            <summary>
            Rule description.
            </summary>
            <value>The description.</value>
            <remarks></remarks>
        </member>
        <member name="P:Ubitsoft.SqlEnlight.Model.Analysis.IAnalysisRule.LastUpdated">
            <summary>
            The date of the last modification made to the rule.
            </summary>
            <value>The last updated.</value>
            <remarks></remarks>
        </member>
        <member name="P:Ubitsoft.SqlEnlight.Model.Analysis.IAnalysisRule.Message">
            <summary>
            Default informational message generated by the rule.
            </summary>
            <value>The message.</value>
            <remarks>A different message can be generated by the rule expression at the time the rule is applied.</remarks>
        </member>
        <member name="P:Ubitsoft.SqlEnlight.Model.Analysis.IAnalysisRule.Name">
            <summary>
            Unique rule name.
            </summary>
            <value>The name.</value>
            <remarks>The rule name can contain only  alphanumeric characters or underscore.</remarks>
        </member>
        <member name="P:Ubitsoft.SqlEnlight.Model.Analysis.IAnalysisRule.Parameters">
            <summary>
            A dictionary of rule parameters.
            </summary>
            <value>The parameters.</value>
            <remarks></remarks>
        </member>
        <member name="P:Ubitsoft.SqlEnlight.Model.Analysis.IAnalysisRule.RequireRuleParameters">
            <summary>
            Specifies whether to require all parameters to be set by the user before rule is applied or to use the default values.
            </summary>
            <value><c>true</c> if rule parameters are always required to be provided by the user; otherwise, <c>false</c>.</value>
            <remarks></remarks>
        </member>
        <member name="P:Ubitsoft.SqlEnlight.Model.Analysis.IAnalysisRule.RuleExpression">
            <summary>
            Rule XSL expression.
            </summary>
            <value>The rule expression.</value>
            <remarks></remarks>
        </member>
        <member name="P:Ubitsoft.SqlEnlight.Model.Analysis.IAnalysisRule.Scope">
            <summary>
            Rule scope. See <see cref="T:Ubitsoft.SqlEnlight.Model.Analysis.AnalysisRuleScope"/>.
            </summary>
            <value>The scope.</value>
            <remarks></remarks>
        </member>
        <member name="P:Ubitsoft.SqlEnlight.Model.Analysis.IAnalysisRule.SeverityLevel">
            <summary>
            Rule severity level.See <see cref="T:Ubitsoft.SqlEnlight.Model.Analysis.AnalysisRuleSeverityLevel"/>.
            </summary>
            <value>The severity level.</value>
            <remarks></remarks>
        </member>
        <member name="P:Ubitsoft.SqlEnlight.Model.Analysis.IAnalysisRule.TestScript">
            <summary>
            SQL script that can be used for designing and testig the rule expression.
            </summary>
            <value>The test script.</value>
            <remarks></remarks>
        </member>
        <member name="P:Ubitsoft.SqlEnlight.Model.Analysis.IAnalysisRule.Type">
            <summary>
            Rule type. See <see cref="T:Ubitsoft.SqlEnlight.Model.Analysis.AnalysisRuleType"/>.
            </summary>
            <value>The type.</value>
            <remarks></remarks>
        </member>
        <member name="T:Ubitsoft.SqlEnlight.Model.Analysis.AnalysisRule">
            <summary>
            Reperesents analysis rule.
            </summary>
            <remarks></remarks>
        </member>
        <member name="F:Ubitsoft.SqlEnlight.Model.Analysis.AnalysisRule._additionalInfo">
            <summary>
            
            </summary>
        </member>
        <member name="F:Ubitsoft.SqlEnlight.Model.Analysis.AnalysisRule._alwaysRequireRuleParameters">
            <summary>
            
            </summary>
        </member>
        <member name="F:Ubitsoft.SqlEnlight.Model.Analysis.AnalysisRule._author">
            <summary>
            
            </summary>
        </member>
        <member name="F:Ubitsoft.SqlEnlight.Model.Analysis.AnalysisRule._description">
            <summary>
            
            </summary>
        </member>
        <member name="F:Ubitsoft.SqlEnlight.Model.Analysis.AnalysisRule._lastUpdated">
            <summary>
            
            </summary>
        </member>
        <member name="F:Ubitsoft.SqlEnlight.Model.Analysis.AnalysisRule._message">
            <summary>
            
            </summary>
        </member>
        <member name="F:Ubitsoft.SqlEnlight.Model.Analysis.AnalysisRule._name">
            <summary>
            
            </summary>
        </member>
        <member name="F:Ubitsoft.SqlEnlight.Model.Analysis.AnalysisRule._parameters">
            <summary>
            
            </summary>
        </member>
        <member name="F:Ubitsoft.SqlEnlight.Model.Analysis.AnalysisRule._ruleExpression">
            <summary>
            
            </summary>
        </member>
        <member name="F:Ubitsoft.SqlEnlight.Model.Analysis.AnalysisRule._ruleScope">
            <summary>
            
            </summary>
        </member>
        <member name="F:Ubitsoft.SqlEnlight.Model.Analysis.AnalysisRule._ruleTestScript">
            <summary>
            
            </summary>
        </member>
        <member name="F:Ubitsoft.SqlEnlight.Model.Analysis.AnalysisRule._ruleType">
            <summary>
            
            </summary>
        </member>
        <member name="F:Ubitsoft.SqlEnlight.Model.Analysis.AnalysisRule._severityLevel">
            <summary>
            
            </summary>
        </member>
        <member name="M:Ubitsoft.SqlEnlight.Model.Analysis.AnalysisRule.#ctor">
            <summary>
            Initializes a new instance of the <see cref="T:Ubitsoft.SqlEnlight.Model.Analysis.AnalysisRule"/> class.
            </summary>
            <remarks></remarks>
        </member>
        <member name="M:Ubitsoft.SqlEnlight.Model.Analysis.AnalysisRule.#ctor(System.String,System.String,System.String,Ubitsoft.SqlEnlight.Model.Analysis.AnalysisRuleType,Ubitsoft.SqlEnlight.Model.Analysis.AnalysisRuleSeverityLevel)">
            <summary>
            Initializes a new instance of the <see cref="T:Ubitsoft.SqlEnlight.Model.Analysis.AnalysisRule"/> class.
            </summary>
            <param name="name">The name.</param>
            <param name="message">The message.</param>
            <param name="ruleExpression">The rule expression.</param>
            <param name="type">The type.</param>
            <param name="severityLevel">The severity level.</param>
            <remarks></remarks>
        </member>
        <member name="M:Ubitsoft.SqlEnlight.Model.Analysis.AnalysisRule.#ctor(System.String,System.String,System.String,Ubitsoft.SqlEnlight.Model.Analysis.AnalysisRuleSeverityLevel,Ubitsoft.SqlEnlight.Model.Analysis.AnalysisRuleScope)">
            <summary>
            Initializes a new instance of the <see cref="T:Ubitsoft.SqlEnlight.Model.Analysis.AnalysisRule"/> class.
            </summary>
            <param name="name">The name.</param>
            <param name="message">The message.</param>
            <param name="ruleExpression">The rule expression.</param>
            <param name="severityLevel">The severity level.</param>
            <param name="scope">The scope.</param>
            <remarks></remarks>
        </member>
        <member name="M:Ubitsoft.SqlEnlight.Model.Analysis.AnalysisRule.#ctor(System.String,System.String,System.String,Ubitsoft.SqlEnlight.Model.Analysis.AnalysisRuleType,Ubitsoft.SqlEnlight.Model.Analysis.AnalysisRuleSeverityLevel,Ubitsoft.SqlEnlight.Model.Analysis.AnalysisRuleScope)">
            <summary>
            Initializes a new instance of the <see cref="T:Ubitsoft.SqlEnlight.Model.Analysis.AnalysisRule"/> class.
            </summary>
            <param name="name">The name.</param>
            <param name="message">The message.</param>
            <param name="ruleExpression">The rule expression.</param>
            <param name="type">The type.</param>
            <param name="severityLevel">The severity level.</param>
            <param name="scope">The scope.</param>
            <remarks></remarks>
        </member>
        <member name="M:Ubitsoft.SqlEnlight.Model.Analysis.AnalysisRule.Clone">
            <summary>
            Creates a new <see cref="T:Ubitsoft.SqlEnlight.Model.Analysis.AnalysisRule"/> clone of the current rule.
            </summary>
            <returns>The new <see cref="T:Ubitsoft.SqlEnlight.Model.Analysis.AnalysisRule"/> instance.</returns>
            <remarks></remarks>
        </member>
        <member name="M:Ubitsoft.SqlEnlight.Model.Analysis.AnalysisRule.GetParametersDefaultValues">
            <summary>
            Gets default values of the rule parameters.
            </summary>
            <returns>Returns a name-value dictionary with rule parameters.</returns>
            <remarks>If no parameters exists for this rule, an empty dictionary is returned.</remarks>
        </member>
        <member name="M:Ubitsoft.SqlEnlight.Model.Analysis.AnalysisRule.SetParameters(System.Collections.Generic.IEnumerable{Ubitsoft.SqlEnlight.Model.Analysis.AnalysisRuleParameter})">
            <summary>
            Sets the parameters.
            </summary>
            <param name="parameters">The parameters.</param>
            <remarks></remarks>
        </member>
        <member name="M:Ubitsoft.SqlEnlight.Model.Analysis.AnalysisRule.ToString">
            <summary>
            Returns a <see cref="T:System.String"/> that represents this instance.
            </summary>
            <returns>A <see cref="T:System.String"/> that represents this instance.</returns>
            <remarks>The result string is in the format:
            <c>{Name}: {Message}</c></remarks>
        </member>
        <member name="M:Ubitsoft.SqlEnlight.Model.Analysis.AnalysisRule.Equals(Ubitsoft.SqlEnlight.Model.Analysis.AnalysisRule)">
            <summary>
            Determines whether the specified <see cref="T:Ubitsoft.SqlEnlight.Model.Analysis.AnalysisRule"/> is equal to this instance.
            </summary>
            <param name="obj">The <see cref="T:Ubitsoft.SqlEnlight.Model.Analysis.AnalysisRule"/> to compare with this instance.</param>
            <returns>
              <c>true</c> if the specified <see cref="T:Ubitsoft.SqlEnlight.Model.Analysis.AnalysisRule"/> is equal to this instance; otherwise, <c>false</c>.
            </returns>
            <exception cref="T:System.NullReferenceException">
            The <paramref name="obj"/> parameter is null.
              </exception>
        </member>
        <member name="M:Ubitsoft.SqlEnlight.Model.Analysis.AnalysisRule.LoadFromFile(System.String)">
            <summary>
            Loads from file.
            </summary>
            <param name="filePath">The file path.</param>
            <returns>Loaded rule.</returns>
            <exception cref="T:System.ArgumentException">When the <paramref name="filePath"/> argument is not provided.</exception>
            <remarks></remarks>
        </member>
        <member name="M:Ubitsoft.SqlEnlight.Model.Analysis.AnalysisRule.SaveToFile(System.String,Ubitsoft.SqlEnlight.Model.Analysis.AnalysisRule)">
            <summary>
            Saves to file.
            </summary>
            <param name="filePath">The file path.</param>
            <param name="rule">The rule.</param>
            <exception cref="T:System.ArgumentException">When the <paramref name="filePath"/> argument is not provided.</exception>
            <exception cref="T:System.ArgumentNullException">When the <paramref name="rule"/> argument is not provided.</exception>
            <remarks></remarks>
        </member>
        <member name="M:Ubitsoft.SqlEnlight.Model.Analysis.AnalysisRule.GetIsSqlConnectionRequired(Ubitsoft.SqlEnlight.Model.Analysis.AnalysisRule)">
            <summary>
            Returns whether the rule needs SQL connection.
            </summary>
            <param name="rule">The rule.</param>
            <returns></returns>
        </member>
        <member name="M:Ubitsoft.SqlEnlight.Model.Analysis.AnalysisRule.GetIsAnalysisContextRequired(Ubitsoft.SqlEnlight.Model.Analysis.AnalysisRule)">
            <summary>
            Returns whether the rule needs analysis context or not.
            </summary>
            <param name="rule">The rule.</param>
            <returns></returns>
        </member>
        <member name="M:Ubitsoft.SqlEnlight.Model.Analysis.AnalysisRule.CreateNew(Ubitsoft.SqlEnlight.Model.Analysis.AnalysisRuleScope)">
            <summary>
            Creates the new analysis rule.
            </summary>
            <param name="scope">The scope.</param>
            <returns></returns>
        </member>
        <member name="P:Ubitsoft.SqlEnlight.Model.Analysis.AnalysisRule.AdditionalInfos">
            <summary>
            Additional information or references for the rule.
            </summary>
            <value>The additional infos.</value>
            <remarks></remarks>
        </member>
        <member name="P:Ubitsoft.SqlEnlight.Model.Analysis.AnalysisRule.Author">
            <summary>
            Author of the analysis rule.
            </summary>
            <value>The author.</value>
            <remarks></remarks>
        </member>
        <member name="P:Ubitsoft.SqlEnlight.Model.Analysis.AnalysisRule.Description">
            <summary>
            Rule description.
            </summary>
            <value>The description.</value>
            <remarks></remarks>
        </member>
        <member name="P:Ubitsoft.SqlEnlight.Model.Analysis.AnalysisRule.LastUpdated">
            <summary>
            The date of the last modification made to the rule.
            </summary>
            <value>The last updated.</value>
            <remarks></remarks>
        </member>
        <member name="P:Ubitsoft.SqlEnlight.Model.Analysis.AnalysisRule.Message">
            <summary>
            Default informational message generated by the rule.
            </summary>
            <value>The message.</value>
            <remarks>A different message can be generated by the rule expression at the time the rule is applied.</remarks>
        </member>
        <member name="P:Ubitsoft.SqlEnlight.Model.Analysis.AnalysisRule.Name">
            <summary>
            Unique rule name.
            </summary>
            <value>The name.</value>
            <remarks>The rule name can contain only  alphanumeric characters or underscore.</remarks>
        </member>
        <member name="P:Ubitsoft.SqlEnlight.Model.Analysis.AnalysisRule.Parameters">
            <summary>
            A dictionary of rule parameters.
            </summary>
            <value>The parameters.</value>
            <remarks></remarks>
        </member>
        <member name="P:Ubitsoft.SqlEnlight.Model.Analysis.AnalysisRule.RequireRuleParameters">
            <summary>
            Specifies whether to require all parameters to be set by the user before rule is applied or to use the default values.
            </summary>
            <value><c>true</c> if [require rule parameters]; otherwise, <c>false</c>.</value>
            <remarks></remarks>
        </member>
        <member name="P:Ubitsoft.SqlEnlight.Model.Analysis.AnalysisRule.RuleExpression">
            <summary>
            Rule XSL expression.
            </summary>
            <value>The rule expression.</value>
            <remarks></remarks>
        </member>
        <member name="P:Ubitsoft.SqlEnlight.Model.Analysis.AnalysisRule.Scope">
            <summary>
            Rule scope. See <see cref="T:Ubitsoft.SqlEnlight.Model.Analysis.AnalysisRuleScope"/>.
            </summary>
            <value>The scope.</value>
            <remarks></remarks>
        </member>
        <member name="P:Ubitsoft.SqlEnlight.Model.Analysis.AnalysisRule.SeverityLevel">
            <summary>
            Rule severity level.See <see cref="T:Ubitsoft.SqlEnlight.Model.Analysis.AnalysisRuleSeverityLevel"/>.
            </summary>
            <value>The severity level.</value>
            <remarks></remarks>
        </member>
        <member name="P:Ubitsoft.SqlEnlight.Model.Analysis.AnalysisRule.TestScript">
            <summary>
            SQL script that can be used for designing and testig the rule expression.
            </summary>
            <value>The test script.</value>
            <remarks></remarks>
        </member>
        <member name="P:Ubitsoft.SqlEnlight.Model.Analysis.AnalysisRule.Type">
            <summary>
            Rule type. See <see cref="T:Ubitsoft.SqlEnlight.Model.Analysis.AnalysisRuleType"/>.
            </summary>
            <value>The type.</value>
            <remarks></remarks>
        </member>
        <member name="T:Ubitsoft.SqlEnlight.Model.Analysis.AnalysisRuleParameter">
            <summary>
            
            </summary>
            <remarks></remarks>
        </member>
        <member name="F:Ubitsoft.SqlEnlight.Model.Analysis.AnalysisRuleParameter._nameRegEx">
            <summary>
            
            </summary>
        </member>
        <member name="F:Ubitsoft.SqlEnlight.Model.Analysis.AnalysisRuleParameter._name">
            <summary>
            
            </summary>
        </member>
        <member name="F:Ubitsoft.SqlEnlight.Model.Analysis.AnalysisRuleParameter._value">
            <summary>
            
            </summary>
        </member>
        <member name="F:Ubitsoft.SqlEnlight.Model.Analysis.AnalysisRuleParameter._type">
            <summary>
            
            </summary>
        </member>
        <member name="F:Ubitsoft.SqlEnlight.Model.Analysis.AnalysisRuleParameter._description">
            <summary>
            
            </summary>
        </member>
        <member name="F:Ubitsoft.SqlEnlight.Model.Analysis.AnalysisRuleParameter._predefinedValues">
            <summary>
            
            </summary>
        </member>
        <member name="M:Ubitsoft.SqlEnlight.Model.Analysis.AnalysisRuleParameter.ValidateName(System.String)">
            <summary>
            Validates the name.
            </summary>
            <param name="name">The name.</param>
            <returns></returns>
            <remarks></remarks>
        </member>
        <member name="M:Ubitsoft.SqlEnlight.Model.Analysis.AnalysisRuleParameter.Clone">
            <summary>
            Creates a new object that is a copy of the current instance.
            </summary>
            <returns>A new object that is a copy of this instance.</returns>
            <remarks></remarks>
        </member>
        <member name="M:Ubitsoft.SqlEnlight.Model.Analysis.AnalysisRuleParameter.#ctor">
            <summary>
            Initializes a new instance of the <see cref="T:System.Object"/> class.
            </summary>
            <remarks></remarks>
        </member>
        <member name="M:Ubitsoft.SqlEnlight.Model.Analysis.AnalysisRuleParameter.#ctor(System.String,System.String,Ubitsoft.SqlEnlight.Model.Analysis.TypedParameterValue[],System.String)">
            <summary>
            Initializes a new instance of the <see cref="T:Ubitsoft.SqlEnlight.Model.Analysis.AnalysisRuleParameter"/> class.
            </summary>
            <param name="name">The name.</param>
            <param name="defaultValue">The default value.</param>
            <param name="predefinedValues">The predefined values.</param>
            <param name="description">The description.</param>
            <remarks></remarks>
        </member>
        <member name="M:Ubitsoft.SqlEnlight.Model.Analysis.AnalysisRuleParameter.Equals(Ubitsoft.SqlEnlight.Model.Analysis.AnalysisRuleParameter)">
            <summary>
            Determines whether the specified <see cref="T:Ubitsoft.SqlEnlight.Model.Analysis.AnalysisRuleParameter"/> is equal to this instance.
            </summary>
            <param name="obj">The <see cref="T:Ubitsoft.SqlEnlight.Model.Analysis.AnalysisRuleParameter"/> to compare with this instance.</param>
            <returns>
              <c>true</c> if the specified <see cref="T:Ubitsoft.SqlEnlight.Model.Analysis.AnalysisRuleParameter"/> is equal to this instance; otherwise, <c>false</c>.
            </returns>
            <exception cref="T:System.NullReferenceException">
            The <paramref name="obj"/> parameter is null.
              </exception>
        </member>
        <member name="P:Ubitsoft.SqlEnlight.Model.Analysis.AnalysisRuleParameter.PredefinedValues">
            <summary>
            Gets or sets the predefined values.
            </summary>
            <value>The predefined values.</value>
            <remarks></remarks>
        </member>
        <member name="P:Ubitsoft.SqlEnlight.Model.Analysis.AnalysisRuleParameter.Name">
            <summary>
            Gets or sets the name.
            </summary>
            <value>The name.</value>
            <remarks></remarks>
        </member>
        <member name="P:Ubitsoft.SqlEnlight.Model.Analysis.AnalysisRuleParameter.DefaultValue">
            <summary>
            Gets or sets the default value.
            </summary>
            <value>The default value.</value>
            <remarks></remarks>
        </member>
        <member name="P:Ubitsoft.SqlEnlight.Model.Analysis.AnalysisRuleParameter.DefaultType">
            <summary>
            Gets or sets the default type.
            </summary>
            <value>The default type.</value>
            <remarks></remarks>
        </member>
        <member name="P:Ubitsoft.SqlEnlight.Model.Analysis.AnalysisRuleParameter.Description">
            <summary>
            Gets or sets the description.
            </summary>
            <value>The description.</value>
            <remarks></remarks>
        </member>
        <member name="T:Ubitsoft.SqlEnlight.Model.Analysis.AnalysisRuleParametersValuesContainer">
            <summary>
            Serializable container for AnalysisRuleParametersValues. 
            </summary>
            <remarks>For internal use only.</remarks>
        </member>
        <member name="F:Ubitsoft.SqlEnlight.Model.Analysis.AnalysisRuleParametersValuesContainer.analysisRuleField">
            <summary>
            
            </summary>
        </member>
        <member name="P:Ubitsoft.SqlEnlight.Model.Analysis.AnalysisRuleParametersValuesContainer.Rules">
            <summary>
            Gets or sets the rules.
            </summary>
            <value>The rules.</value>
            <remarks></remarks>
        </member>
        <member name="T:Ubitsoft.SqlEnlight.Model.Analysis.AnalysisRuleParametersValues">
            <summary>
            
            </summary>
            <remarks></remarks>
        </member>
        <member name="F:Ubitsoft.SqlEnlight.Model.Analysis.AnalysisRuleParametersValues._name">
            <summary>
            
            </summary>
        </member>
        <member name="F:Ubitsoft.SqlEnlight.Model.Analysis.AnalysisRuleParametersValues._parameters">
            <summary>
            
            </summary>
        </member>
        <member name="M:Ubitsoft.SqlEnlight.Model.Analysis.AnalysisRuleParametersValues.#ctor">
            <summary>
            Initializes a new instance of the <see cref="T:System.Object"/> class.
            </summary>
            <remarks></remarks>
        </member>
        <member name="M:Ubitsoft.SqlEnlight.Model.Analysis.AnalysisRuleParametersValues.#ctor(System.String)">
            <summary>
            Initializes a new instance of the <see cref="T:Ubitsoft.SqlEnlight.Model.Analysis.AnalysisRuleParametersValues"/> class.
            </summary>
            <param name="ruleName">Name of the rule.</param>
            <remarks></remarks>
        </member>
        <member name="P:Ubitsoft.SqlEnlight.Model.Analysis.AnalysisRuleParametersValues.Name">
            <summary>
            Gets or sets the name of the analysis rule to which the parameters belong.
            </summary>
            <value>The name of the rule.</value>
            <remarks></remarks>
        </member>
        <member name="P:Ubitsoft.SqlEnlight.Model.Analysis.AnalysisRuleParametersValues.Parameters">
            <summary>
            Gets or sets the rule parameters.
            </summary>
            <value>The rule parameters array.</value>
            <remarks></remarks>
        </member>
        <member name="T:Ubitsoft.SqlEnlight.Model.Analysis.AnalysisRuleSerializable">
            <summary>
            
            </summary>
            <remarks></remarks>
        </member>
        <member name="M:Ubitsoft.SqlEnlight.Model.Analysis.AnalysisRuleSerializable.#ctor">
            <summary>
            Initializes a new instance of the <see cref="T:Ubitsoft.SqlEnlight.Model.Analysis.AnalysisRule"/> class.
            </summary>
            <remarks></remarks>
        </member>
        <member name="M:Ubitsoft.SqlEnlight.Model.Analysis.AnalysisRuleSerializable.#ctor(Ubitsoft.SqlEnlight.Model.Analysis.AnalysisRule)">
            <summary>
            Initializes a new instance of the <see cref="T:Ubitsoft.SqlEnlight.Model.Analysis.AnalysisRuleSerializable"/> class.
            </summary>
            <param name="rule">The rule.</param>
            <remarks></remarks>
        </member>
        <member name="P:Ubitsoft.SqlEnlight.Model.Analysis.AnalysisRuleSerializable.RuleExpressionCDATA">
            <summary>
            Gets or sets the rule expression CDATA.
            </summary>
            <value>The rule expression CDATA.</value>
            <remarks></remarks>
        </member>
        <member name="P:Ubitsoft.SqlEnlight.Model.Analysis.AnalysisRuleSerializable.DescriptionCDATA">
            <summary>
            Gets or sets the description.
            </summary>
            <value>The description.</value>
            <remarks></remarks>
        </member>
        <member name="P:Ubitsoft.SqlEnlight.Model.Analysis.AnalysisRuleSerializable.TestScriptCDATA">
            <summary>
            Gets or sets the test script.
            </summary>
            <value>The test script.</value>
            <remarks></remarks>
        </member>
        <member name="P:Ubitsoft.SqlEnlight.Model.Analysis.AnalysisRuleSerializable.ParameterCollection">
            <summary>
            Gets or sets the parameter collection.
            </summary>
            <value>The parameter collection.</value>
            <remarks></remarks>
        </member>
        <member name="T:Ubitsoft.SqlEnlight.Model.Analysis.AnalysisTemplate">
            <summary>
            Represents analysis rules and gorups container.
            </summary>
            <remarks></remarks>
        </member>
        <member name="F:Ubitsoft.SqlEnlight.Model.Analysis.AnalysisTemplate._activeRules">
            <summary>
            
            </summary>
        </member>
        <member name="F:Ubitsoft.SqlEnlight.Model.Analysis.AnalysisTemplate._groupDefinitionDictionary">
            <summary>
            
            </summary>
        </member>
        <member name="F:Ubitsoft.SqlEnlight.Model.Analysis.AnalysisTemplate._lastModifiedDate">
            <summary>
            
            </summary>
        </member>
        <member name="F:Ubitsoft.SqlEnlight.Model.Analysis.AnalysisTemplate._ruleDefinitionDictionary">
            <summary>
            
            </summary>
        </member>
        <member name="F:Ubitsoft.SqlEnlight.Model.Analysis.AnalysisTemplate._ruleDefinitionFiles">
            <summary>
            
            </summary>
        </member>
        <member name="M:Ubitsoft.SqlEnlight.Model.Analysis.AnalysisTemplate.#ctor">
            <summary>
            Initializes a new instance of the <see cref="T:Ubitsoft.SqlEnlight.Model.Analysis.AnalysisTemplate"/> class.
            </summary>
            <remarks></remarks>
        </member>
        <member name="M:Ubitsoft.SqlEnlight.Model.Analysis.AnalysisTemplate.CreateDefault">
            <summary>
            Creates a default empty analysis template.
            </summary>
            <returns></returns>
            <remarks>New instance of an empty analysis template.</remarks>
        </member>
        <member name="M:Ubitsoft.SqlEnlight.Model.Analysis.AnalysisTemplate.GetRulesAsString(System.Collections.Generic.IEnumerable{System.String})">
            <summary>
            Gets the given <paramref name="rules"/> as a pipe separated list of rule names.
            </summary>
            <param name="rules">Names of rules.</param>
            <returns>Pipe separated list of rule names.</returns>
            <remarks>
            The <paramref name="rules"/> parameter string can have the following format:
             <c>|rule1|rule2|rule3|rule4|</c>
            </remarks>
        </member>
        <member name="M:Ubitsoft.SqlEnlight.Model.Analysis.AnalysisTemplate.GetRulesAsString(System.Collections.Generic.IEnumerable{Ubitsoft.SqlEnlight.Model.Analysis.AnalysisRule})">
            <summary>
            Gets the given <paramref name="rules"/> as a pipe separated list of rule names.
            </summary>
            <param name="rules">Analysis rule objects.</param>
            <returns>Pipe separated list of rule names.</returns>
            <remarks>
            The <paramref name="rules"/> parameter string can have the following format:
            		<c>|rule1|rule2|rule3|rule4|</c>
            </remarks>
        </member>
        <member name="M:Ubitsoft.SqlEnlight.Model.Analysis.AnalysisTemplate.ActivateRule(System.String)">
            <summary>
            Activates the rule.
            </summary>
            <param name="name">The name.</param>
            <remarks></remarks>
        </member>
        <member name="M:Ubitsoft.SqlEnlight.Model.Analysis.AnalysisTemplate.AddRule(Ubitsoft.SqlEnlight.Model.Analysis.AnalysisRule)">
            <summary>
            Adds the rule.
            </summary>
            <param name="rule">The rule.</param>
            <remarks></remarks>
        </member>
        <member name="M:Ubitsoft.SqlEnlight.Model.Analysis.AnalysisTemplate.DeactiveRule(System.String)">
            <summary>
            Deactives the rule.
            </summary>
            <param name="name">The name.</param>
            <remarks></remarks>
        </member>
        <member name="M:Ubitsoft.SqlEnlight.Model.Analysis.AnalysisTemplate.GetAllGroups">
            <summary>
            Gets definitions of all analysis groups contained in the template.
            </summary>
            <value>A list of analysis groups.</value>
            <remarks></remarks>
        </member>
        <member name="M:Ubitsoft.SqlEnlight.Model.Analysis.AnalysisTemplate.GetAllRules">
            <summary>
            Gets the definitions of all analysis rules contained in the template.
            </summary>
            <value>A list of analysis rules.</value>
            <remarks></remarks>
        </member>
        <member name="M:Ubitsoft.SqlEnlight.Model.Analysis.AnalysisTemplate.RemoveRule(System.String)">
            <summary>
            Removes the rule.
            </summary>
            <param name="name">The name.</param>
            <remarks></remarks>
        </member>
        <member name="M:Ubitsoft.SqlEnlight.Model.Analysis.AnalysisTemplate.SetAllGroups(System.Collections.Generic.IEnumerable{Ubitsoft.SqlEnlight.Model.Analysis.AnalysisGroup})">
            <summary>
            Sets all analysis groups.
            </summary>
            <param name="groups">The analysis groups.</param>
        </member>
        <member name="M:Ubitsoft.SqlEnlight.Model.Analysis.AnalysisTemplate.SetAllRules(System.Collections.Generic.IEnumerable{Ubitsoft.SqlEnlight.Model.Analysis.AnalysisRule})">
            <summary>
            Sets all analysis rules definitions.
            </summary>
            <param name="rules">The analysis rules.</param>
        </member>
        <member name="M:Ubitsoft.SqlEnlight.Model.Analysis.AnalysisTemplate.CreateGroupDictionary(System.Collections.Generic.IEnumerable{Ubitsoft.SqlEnlight.Model.Analysis.AnalysisGroup})">
            <summary>
            Creates the group dictionary.
            </summary>
            <param name="value">The value.</param>
            <returns>A groups dictionary.</returns>
            <remarks></remarks>
        </member>
        <member name="M:Ubitsoft.SqlEnlight.Model.Analysis.AnalysisTemplate.CreateRuleDictionary(System.Collections.Generic.IEnumerable{Ubitsoft.SqlEnlight.Model.Analysis.AnalysisRule})">
            <summary>
            Creates the rule dictionary.
            </summary>
            <param name="rules">The rules.</param>
            <returns>A rules dictionary.</returns>
            <remarks></remarks>
        </member>
        <member name="M:Ubitsoft.SqlEnlight.Model.Analysis.AnalysisTemplate.LoadFromXmlFile(System.String)">
            <summary>
            Loads a XML serialized AnalysiTemplate from file.
            </summary>
            <param name="sourcePath">Source file path.</param>
            <returns>De-serialized AnalysiTemplate object.</returns>
            <remarks></remarks>
        </member>
        <member name="M:Ubitsoft.SqlEnlight.Model.Analysis.AnalysisTemplate.SaveExternalRules(System.String,System.Collections.Generic.IEnumerable{Ubitsoft.SqlEnlight.Model.Analysis.AnalysisRule})">
            <summary>
            Saves the given analysis rules to separate files.
            </summary>
            <param name="rootFolder">Folder where to save the rule files.</param>
            <param name="rules">List of rules that to be saved.</param>
            <returns></returns>
            <remarks></remarks>
        </member>
        <member name="M:Ubitsoft.SqlEnlight.Model.Analysis.AnalysisTemplate.SaveToFile(System.String,Ubitsoft.SqlEnlight.Model.Analysis.AnalysisTemplate)">
            <summary>
            Serializes the <paramref name="template"/> to a file as XML.
            The analysis rules are stored in separate files.
            </summary>
            <param name="destinationPath">Destination file path.</param>
            <param name="template">The instance of the template which to be saved.</param>
            <remarks></remarks>
        </member>
        <member name="M:Ubitsoft.SqlEnlight.Model.Analysis.AnalysisTemplate.SaveToFile(System.String,Ubitsoft.SqlEnlight.Model.Analysis.AnalysisTemplate,System.Boolean)">
            <summary>
            Serializes the <paramref name="template"/> to a file as XML.
            </summary>
            <param name="destinationPath">Destination file path.</param>
            <param name="template">The instance of the template which to be saved.</param>
            <param name="embeddedRules">Specifies whether to store the rules in the template file or in external files.</param>
            <remarks></remarks>
        </member>
        <member name="M:Ubitsoft.SqlEnlight.Model.Analysis.AnalysisTemplate.LoadExternalRules(System.String,System.Collections.Generic.IEnumerable{System.String})">
            <summary>
            Loads analysis rules stored in external files.
            </summary>
            <param name="rulesFolder">The root folder below which the rules are saved.</param>
            <param name="ruleFiles">A list of relative to the paths to the rule files.</param>
            <returns>Array of loaded <see cref="T:Ubitsoft.SqlEnlight.Model.Analysis.AnalysisRule"/> objects.</returns>
            <remarks></remarks>
        </member>
        <member name="M:Ubitsoft.SqlEnlight.Model.Analysis.AnalysisTemplate.LoadFromAssembly(System.String)">
            <summary>
            Loads all public AnalysisTemplate types in the given assembly.
            </summary>
            <param name="assemblyFile">The assembly file containing the analysis templates.</param>
            <returns>An array of all successful loaded AnalysisTemplate objects.</returns>
            <remarks></remarks>
        </member>
        <member name="M:Ubitsoft.SqlEnlight.Model.Analysis.AnalysisTemplate.GetOprhanRuleNames">
            <summary>
            Gets the orphaned rules.
            </summary>
            <returns></returns>
        </member>
        <member name="M:Ubitsoft.SqlEnlight.Model.Analysis.AnalysisTemplate.GetRulesNotInGivenGroups(System.Collections.Generic.IEnumerable{Ubitsoft.SqlEnlight.Model.Analysis.AnalysisGroup})">
            <summary>
            Gets the orphaned rules.
            </summary>
            <returns></returns>
        </member>
        <member name="P:Ubitsoft.SqlEnlight.Model.Analysis.AnalysisTemplate.ActiveRules">
            <summary>
            List of active analysis rules.
            </summary>
            <remarks></remarks>
        </member>
        <member name="P:Ubitsoft.SqlEnlight.Model.Analysis.AnalysisTemplate.ExternalRuleDefinitionFiles">
            <summary>
            Relative path to the analysis rule files, in case the rules are stored in external files.
            </summary>
            <value>The rule definition files.</value>
            <remarks>
            If the rules are embedded in the tempalte it is stored, the proeprty is null.
            </remarks>
        </member>
        <member name="P:Ubitsoft.SqlEnlight.Model.Analysis.AnalysisTemplate.Groups">
            <summary>
            Dictionary containing analysis groups definitions.
            </summary>
            <remarks></remarks>
        </member>
        <member name="P:Ubitsoft.SqlEnlight.Model.Analysis.AnalysisTemplate.LastModifiedDate">
            <summary>
            The last template modification date and time.
            </summary>
            <value>The last modified date.</value>
            <remarks></remarks>
        </member>
        <member name="P:Ubitsoft.SqlEnlight.Model.Analysis.AnalysisTemplate.Rules">
            <summary>
            Dictionary containing analysis rule definitions.
            </summary>
            <remarks></remarks>
        </member>
        <member name="T:Ubitsoft.SqlEnlight.Model.Analysis.AnalysisTemplateSerializable">
            <summary>
            
            </summary>
            <remarks></remarks>
        </member>
        <member name="M:Ubitsoft.SqlEnlight.Model.Analysis.AnalysisTemplateSerializable.#ctor">
            <summary>
            Initializes a new instance of the <see cref="T:Ubitsoft.SqlEnlight.Model.Analysis.AnalysisTemplate"/> class.
            </summary>
            <remarks></remarks>
        </member>
        <member name="M:Ubitsoft.SqlEnlight.Model.Analysis.AnalysisTemplateSerializable.#ctor(Ubitsoft.SqlEnlight.Model.Analysis.AnalysisTemplate)">
            <summary>
            Initializes a new instance of the <see cref="T:Ubitsoft.SqlEnlight.Model.Analysis.AnalysisTemplateSerializable"/> class.
            </summary>
            <param name="template">The template.</param>
            <remarks></remarks>
        </member>
        <member name="P:Ubitsoft.SqlEnlight.Model.Analysis.AnalysisTemplateSerializable.RuleDefinitionsSerializable">
            <summary>
            Gets or sets the rule definitions serializable.
            </summary>
            <value>The rule definitions serializable.</value>
            <remarks></remarks>
        </member>
        <member name="P:Ubitsoft.SqlEnlight.Model.Analysis.AnalysisTemplateSerializable.GroupDefinitionsSerializable">
            <summary>
            Gets or sets the group definitions serializable.
            </summary>
            <value>The group definitions serializable.</value>
            <remarks></remarks>
        </member>
        <member name="T:Ubitsoft.SqlEnlight.Model.Analysis.NamedParameterValue">
            <summary>
            Represents a parameter with default value.
            </summary>
            <remarks></remarks>
        </member>
        <member name="T:Ubitsoft.SqlEnlight.Model.Analysis.TypedParameterValue">
            <summary>
            
            </summary>
            <remarks></remarks>
        </member>
        <member name="F:Ubitsoft.SqlEnlight.Model.Analysis.TypedParameterValue._valueType">
            <summary>
            
            </summary>
        </member>
        <member name="F:Ubitsoft.SqlEnlight.Model.Analysis.TypedParameterValue._value">
            <summary>
            
            </summary>
        </member>
        <member name="M:Ubitsoft.SqlEnlight.Model.Analysis.TypedParameterValue.#ctor">
            <summary>
            Initializes a new instance of the <see cref="T:System.Object"/> class.
            </summary>
            <remarks></remarks>
        </member>
        <member name="M:Ubitsoft.SqlEnlight.Model.Analysis.TypedParameterValue.#ctor(System.String)">
            <summary>
            Initializes a new instance of the <see cref="T:Ubitsoft.SqlEnlight.Model.Analysis.TypedParameterValue"/> class.
            </summary>
            <param name="value">The value.</param>
            <remarks></remarks>
        </member>
        <member name="M:Ubitsoft.SqlEnlight.Model.Analysis.TypedParameterValue.#ctor(Ubitsoft.SqlEnlight.Model.Analysis.ParameterValueType,System.String)">
            <summary>
            Initializes a new instance of the <see cref="T:Ubitsoft.SqlEnlight.Model.Analysis.TypedParameterValue"/> class.
            </summary>
            <param name="type">The type.</param>
            <param name="value">The value.</param>
            <remarks></remarks>
        </member>
        <member name="P:Ubitsoft.SqlEnlight.Model.Analysis.TypedParameterValue.ValueType">
            <summary>
            Gets or sets the type of the value.
            </summary>
            <value>The type of the value.</value>
            <remarks></remarks>
        </member>
        <member name="P:Ubitsoft.SqlEnlight.Model.Analysis.TypedParameterValue.Value">
            <summary>
            Gets or sets the value.
            </summary>
            <value>The value.</value>
            <remarks></remarks>
        </member>
        <member name="F:Ubitsoft.SqlEnlight.Model.Analysis.NamedParameterValue._name">
            <summary>
            
            </summary>
        </member>
        <member name="M:Ubitsoft.SqlEnlight.Model.Analysis.NamedParameterValue.#ctor">
            <summary>
            Initializes a new instance of the <see cref="T:Ubitsoft.SqlEnlight.Model.Analysis.NamedParameterValue"/> class.
            </summary>
            <remarks></remarks>
        </member>
        <member name="M:Ubitsoft.SqlEnlight.Model.Analysis.NamedParameterValue.#ctor(System.String,System.String)">
            <summary>
            Initializes a new instance of the <see cref="T:Ubitsoft.SqlEnlight.Model.Analysis.NamedParameterValue"/> class.
            </summary>
            <param name="name">The name.</param>
            <param name="value">The value.</param>
            <remarks></remarks>
        </member>
        <member name="M:Ubitsoft.SqlEnlight.Model.Analysis.NamedParameterValue.#ctor(System.String,System.String,Ubitsoft.SqlEnlight.Model.Analysis.ParameterValueType)">
            <summary>
            Initializes a new instance of the <see cref="T:Ubitsoft.SqlEnlight.Model.Analysis.NamedParameterValue"/> class.
            </summary>
            <param name="name">The name.</param>
            <param name="value">The value.</param>
            <param name="type">The type.</param>
            <remarks></remarks>
        </member>
        <member name="M:Ubitsoft.SqlEnlight.Model.Analysis.NamedParameterValue.IsValid">
            <summary>
            Determines whether this instance is valid.
            </summary>
            <returns><c>true</c> if this instance is valid; otherwise, <c>false</c>.</returns>
            <remarks></remarks>
        </member>
        <member name="P:Ubitsoft.SqlEnlight.Model.Analysis.NamedParameterValue.Name">
            <summary>
            Gets or sets the name.
            </summary>
            <value>The name.</value>
            <remarks></remarks>
        </member>
        <member name="P:Ubitsoft.SqlEnlight.Model.Common.ContextDocumentInfo.ProjectItem">
            <summary>
            Gets or sets the project item.
            </summary>
            <value>
            The project item.
            </value>
        </member>
        <member name="P:Ubitsoft.SqlEnlight.Model.Common.ContextDocumentInfo.Document">
            <summary>
            Gets or sets the document.
            </summary>
            <value>
            The document.
            </value>
        </member>
        <member name="P:Ubitsoft.SqlEnlight.Model.Common.ContextObjectInfo.Id">
            <summary>
            Gets or sets the object identifier.
            </summary>
            <value>
            The object identifier.
            </value>
        </member>
        <member name="P:Ubitsoft.SqlEnlight.Model.Common.ContextObjectInfo.Name">
            <summary>
            Gets or sets the name of the object.
            </summary>
            <value>
            The name of the object.
            </value>
        </member>
        <member name="P:Ubitsoft.SqlEnlight.Model.Common.ContextObjectInfo.Schema">
            <summary>
            Gets or sets the name of the object schema.
            </summary>
            <value>
            The name of the object schema.
            </value>
        </member>
        <member name="P:Ubitsoft.SqlEnlight.Model.Common.ContextObjectInfo.SchemaId">
            <summary>
            Gets or sets the name of the object schema.
            </summary>
            <value>
            The name of the object schema.
            </value>
        </member>
        <member name="T:Ubitsoft.SqlEnlight.Model.Error">
            <summary>
            Contains specific error information.
            </summary>
            <remarks>The objects of this type are used and returned by SQL Enlgiht analysis and parsing engines.</remarks>
        </member>
        <member name="F:Ubitsoft.SqlEnlight.Model.Error.positionField">
            <summary>
            
            </summary>
        </member>
        <member name="F:Ubitsoft.SqlEnlight.Model.Error.lineField">
            <summary>
            
            </summary>
        </member>
        <member name="F:Ubitsoft.SqlEnlight.Model.Error.columnField">
            <summary>
            
            </summary>
        </member>
        <member name="F:Ubitsoft.SqlEnlight.Model.Error.messageField">
            <summary>
            
            </summary>
        </member>
        <member name="F:Ubitsoft.SqlEnlight.Model.Error.descriptionField">
            <summary>
            
            </summary>
        </member>
        <member name="F:Ubitsoft.SqlEnlight.Model.Error.nearField">
            <summary>
            
            </summary>
        </member>
        <member name="F:Ubitsoft.SqlEnlight.Model.Error.typeField">
            <summary>
            
            </summary>
        </member>
        <member name="F:Ubitsoft.SqlEnlight.Model.Error.source">
            <summary>
            
            </summary>
        </member>
        <member name="F:Ubitsoft.SqlEnlight.Model.Error.file">
            <summary>
            
            </summary>
        </member>
        <member name="F:Ubitsoft.SqlEnlight.Model.Error.context">
            <summary>
            
            </summary>
        </member>
        <member name="M:Ubitsoft.SqlEnlight.Model.Error.#ctor">
            <summary>
            Initializes a new instance of the <see cref="T:System.Object"/> class.
            </summary>
            <remarks></remarks>
        </member>
        <member name="M:Ubitsoft.SqlEnlight.Model.Error.ToString">
            <summary>
            Gets the Error object as a formated stirng.
            </summary>
            <returns>A formatted string representation of the Error object.
            <c></c></returns>
            <remarks>The error message format is the following:
            <c>{Code} : {Description} at line {Line} position {LineOffset}</c></remarks>
        </member>
        <member name="P:Ubitsoft.SqlEnlight.Model.Error.Line">
            <summary>
            Line at which the error was found.
            </summary>
            <value>The line.</value>
            <remarks></remarks>
        </member>
        <member name="P:Ubitsoft.SqlEnlight.Model.Error.LineOffset">
            <summary>
            Column at which the error was found.
            </summary>
            <value>The line offset.</value>
            <remarks></remarks>
        </member>
        <member name="P:Ubitsoft.SqlEnlight.Model.Error.Code">
            <summary>
            Error code or name.
            </summary>
            <value>The code.</value>
            <remarks></remarks>
        </member>
        <member name="P:Ubitsoft.SqlEnlight.Model.Error.Description">
            <summary>
            Error message.
            </summary>
            <value>The description.</value>
            <remarks>Should be a single line message.</remarks>
        </member>
        <member name="P:Ubitsoft.SqlEnlight.Model.Error.Near">
            <summary>
            The text near which the error was found.
            </summary>
            <value>The near.</value>
            <remarks></remarks>
        </member>
        <member name="P:Ubitsoft.SqlEnlight.Model.Error.Type">
            <summary>
            The specific error type.
            </summary>
            <value>The type.</value>
            <remarks></remarks>
        </member>
        <member name="P:Ubitsoft.SqlEnlight.Model.Error.Source">
            <summary>
            Depending on the context this property contains the error source file or the object name.
            </summary>
            <value>The source.</value>
            <remarks></remarks>
        </member>
        <member name="P:Ubitsoft.SqlEnlight.Model.Error.File">
            <summary>
            Depending on the context this property contains the source file.
            </summary>
            <value>The source.</value>
            <remarks></remarks>
        </member>
        <member name="P:Ubitsoft.SqlEnlight.Model.Error.Context">
            <summary>
            Object reserved for internal use only.
            </summary>
            <value>The context.</value>
            <remarks></remarks>
        </member>
        <member name="P:Ubitsoft.SqlEnlight.Model.Error.Position">
            <summary>
            Line at which the error was found.
            </summary>
            <value>The line.</value>
            <remarks></remarks>
        </member>
        <member name="T:Ubitsoft.SqlEnlight.Model.ErrorContextInfo">
            <summary>
            Reserved for internal use type.
            </summary>
        </member>
        <member name="P:Ubitsoft.SqlEnlight.Model.ErrorContextInfo.Tag">
            <summary>
            Gets or sets the tag.
            </summary>
            <value>
            The tag.
            </value>
        </member>
        <member name="P:Ubitsoft.SqlEnlight.Model.ErrorContextInfo.ProjectItem">
            <summary>
            Gets or sets the project item.
            </summary>
            <value>
            The project item.
            </value>
        </member>
        <member name="P:Ubitsoft.SqlEnlight.Model.ErrorContextInfo.Document">
            <summary>
            Gets or sets the document.
            </summary>
            <value>
            The document.
            </value>
        </member>
        <member name="P:Ubitsoft.SqlEnlight.Model.ErrorContextInfo.DatabaseName">
            <summary>
            Gets or sets the name of the database.
            </summary>
            <value>
            The name of the database.
            </value>
        </member>
        <member name="P:Ubitsoft.SqlEnlight.Model.ErrorContextInfo.ServerName">
            <summary>
            Gets or sets the name of the server.
            </summary>
            <value>
            The name of the server.
            </value>
        </member>
        <member name="P:Ubitsoft.SqlEnlight.Model.ErrorContextInfo.AdditionalInfo">
            <summary>
            Gets or sets the additional information XML.
            </summary>
            <value>
            The additional information XML.
            </value>
        </member>
        <member name="T:Ubitsoft.SqlEnlight.Model.ErrorType">
            <summary>
            Enumeration of the possible error types.
            </summary>
            <remarks></remarks>
        </member>
        <member name="F:Ubitsoft.SqlEnlight.Model.ErrorType.Undefined">
            <summary>
            
            </summary>
        </member>
        <member name="F:Ubitsoft.SqlEnlight.Model.ErrorType.SyntaxError">
            <summary>
            
            </summary>
        </member>
        <member name="F:Ubitsoft.SqlEnlight.Model.ErrorType.LexicalError">
            <summary>
            
            </summary>
        </member>
        <member name="F:Ubitsoft.SqlEnlight.Model.ErrorType.GrammarRule">
            <summary>
            
            </summary>
        </member>
        <member name="F:Ubitsoft.SqlEnlight.Model.ErrorType.Information">
            <summary>
            
            </summary>
        </member>
        <member name="F:Ubitsoft.SqlEnlight.Model.ErrorType.AnalysisError">
            <summary>
            
            </summary>
        </member>
        <member name="F:Ubitsoft.SqlEnlight.Model.ErrorType.AnalysisWarning">
            <summary>
            
            </summary>
        </member>
        <member name="F:Ubitsoft.SqlEnlight.Model.ErrorType.AnalysisTask">
            <summary>
            
            </summary>
        </member>
        <member name="F:Ubitsoft.SqlEnlight.Model.ErrorType.AnalysisInformation">
            <summary>
            
            </summary>
        </member>
        <member name="T:Ubitsoft.SqlEnlight.Model.Properties.Resources">
            <summary>
            A strongly-typed resource class, for looking up localized strings, formatting them, etc.
            </summary>
        </member>
        <member name="P:Ubitsoft.SqlEnlight.Model.Properties.Resources.InternalSyncObject">
            <summary>
            Thread safe lock object used by this class.
            </summary>
        </member>
        <member name="P:Ubitsoft.SqlEnlight.Model.Properties.Resources.ResourceManager">
            <summary>
            Returns the cached ResourceManager instance used by this class.
            </summary>
        </member>
        <member name="P:Ubitsoft.SqlEnlight.Model.Properties.Resources.Culture">
            <summary>
            Overrides the current thread's CurrentUICulture property for all
            resource lookups using this strongly typed resource class.
            </summary>
        </member>
        <member name="P:Ubitsoft.SqlEnlight.Model.Properties.Resources.NewBatchRule_Expression">
             <summary>
             Looks up a localized string similar to '&lt;xsl:variable name=&quot;TargetStatementTypeList&quot; select=&quot;$parameters/Param[@Name=&apos;TargetStatementTypeList&apos;]/text()&quot; /&gt;
            
            &lt;xsl:for-each select=&quot;$batch-statements[not(self::g:statement/parent::pu:semicolon//cmt:*[self::cmt:* = $RuleSuppressMarksAll])]&quot;&gt;
              &lt;xsl:variable name=&quot;statement&quot; select=&quot;.&quot; /&gt;
              &lt;xsl:variable name=&quot;statement-type&quot; select=&quot;$statement/@type&quot; /&gt;
              &lt;xsl:variable name=&quot;statement-keyword&quot; select=&quot;$statement/k:*[1]&quot; /&gt;
            
                &lt;xsl:if test=&quot;$TargetStatementTypeList = &apos;Any&apos; or contains($TargetStatement [rest of string was truncated]&quot;;'.
             </summary>
        </member>
        <member name="P:Ubitsoft.SqlEnlight.Model.Properties.Resources.NewBatchRule_Parameter1_Description">
            <summary>
            Looks up a localized string similar to 'Comma separated list of statement types.'.
            </summary>
        </member>
        <member name="P:Ubitsoft.SqlEnlight.Model.Properties.Resources.NewBatchRule_TestScript">
             <summary>
             Looks up a localized string similar to 'CREATE TABLE Test.Greeting
            (
            GreetingId INT IDENTITY (1,1) PRIMARY KEY,
            Message nvarchar(255) NOT NULL,
            )
            
            INSERT INTO Test.Greeting (Message) 
            SELECT &apos;Hello!&apos;
            UNION ALL 
            SELECT &apos;Hi!&apos;
            UNION ALL
            SELECT &apos;Hello, world!&apos;
            
            INSERT INTO Test.Greeting (Message) 
            VALUES (&apos;How do yo do?&apos;),
                    (&apos;Good morning!&apos;),
                    (&apos;Good night!&apos;)
            
            DELETE  Test.Greeting WHERE GreetingId = 3
            
            SELECT * FROM Test.Greeting g 
            WHERE 
            g.Message like &apos;Hello%&apos;
            
            DROP TABLE Test.Greeting'.
             </summary>
        </member>
        <member name="P:Ubitsoft.SqlEnlight.Model.Properties.Resources.NewContextOnlyRule_Expression">
             <summary>
             Looks up a localized string similar to '&lt;xsl:variable name=&quot;TargetObjectTypeList&quot; select=&quot;$parameters/Param[@Name=&apos;TargetObjectTypeList&apos;]/text()&quot; /&gt;
            &lt;xsl:variable name=&quot;object-types&quot; select=&quot;str:tokenize($TargetObjectTypeList,&apos; ,;&apos;)&quot; /&gt;
            &lt;xsl:for-each select=&quot;$database/*&quot;&gt;
              &lt;xsl:variable name=&quot;collection&quot; select=&quot;.&quot; /&gt;
              &lt;xsl:if test=&quot;count($object-types[str2:contains(local-name($collection), self::token/text(),true())]) != 0&quot;&gt;
                &lt;xsl:call-template name=&quot;output-message&quot;&gt;
                  &lt;xsl:with-param name=&quot;line&quot; select=&quot;0&quot; /&gt;
                  &lt;xsl:with-param name [rest of string was truncated]&quot;;'.
             </summary>
        </member>
        <member name="P:Ubitsoft.SqlEnlight.Model.Properties.Resources.NewContextOnlyRule_Parameter1_Description">
            <summary>
            Looks up a localized string similar to ''.
            </summary>
        </member>
        <member name="P:Ubitsoft.SqlEnlight.Model.Properties.Resources.NewContextOnlyRule_TestScript">
            <summary>
            Looks up a localized string similar to '-- The Context Only rules cannot use test script.'.
            </summary>
        </member>
        <member name="T:Ubitsoft.SqlEnlight.Model.Properties.Resources.ResourceNames">
            <summary>
            Lists all the resource names as constant string fields.
            </summary>
        </member>
        <member name="F:Ubitsoft.SqlEnlight.Model.Properties.Resources.ResourceNames.NewBatchRule_Expression">
            <summary>
            Stores the resource name 'NewBatchRule_Expression'.
            </summary>
        </member>
        <member name="F:Ubitsoft.SqlEnlight.Model.Properties.Resources.ResourceNames.NewBatchRule_Parameter1_Description">
            <summary>
            Stores the resource name 'NewBatchRule_Parameter1_Description'.
            </summary>
        </member>
        <member name="F:Ubitsoft.SqlEnlight.Model.Properties.Resources.ResourceNames.NewBatchRule_TestScript">
            <summary>
            Stores the resource name 'NewBatchRule_TestScript'.
            </summary>
        </member>
        <member name="F:Ubitsoft.SqlEnlight.Model.Properties.Resources.ResourceNames.NewContextOnlyRule_Expression">
            <summary>
            Stores the resource name 'NewContextOnlyRule_Expression'.
            </summary>
        </member>
        <member name="F:Ubitsoft.SqlEnlight.Model.Properties.Resources.ResourceNames.NewContextOnlyRule_Parameter1_Description">
            <summary>
            Stores the resource name 'NewContextOnlyRule_Parameter1_Description'.
            </summary>
        </member>
        <member name="F:Ubitsoft.SqlEnlight.Model.Properties.Resources.ResourceNames.NewContextOnlyRule_TestScript">
            <summary>
            Stores the resource name 'NewContextOnlyRule_TestScript'.
            </summary>
        </member>
    </members>
</doc>
