<?xml version='1.0' encoding='UTF-8'?>
<profile>
<name>Sonar_Way_TSQL_AGS</name>
<language>plsql</language>
<rules>
<rule><repositoryKey>tsql</repositoryKey><key>EX0010</key><priority>MAJOR</priority><parameters/></rule>
<rule><repositoryKey>tsql</repositoryKey><key>EX0011</key><priority>MAJOR</priority><parameters/></rule>
<rule><repositoryKey>tsql</repositoryKey><key>SA0102</key><priority>MINOR</priority><parameters/></rule>
<rule><repositoryKey>tsql</repositoryKey><key>SA0101</key><priority>MINOR</priority><parameters/></rule>
<rule><repositoryKey>tsql</repositoryKey><key>SA0104</key><priority>MINOR</priority><parameters/></rule>
<rule><repositoryKey>tsql</repositoryKey><key>SA0103</key><priority>MAJOR</priority><parameters/></rule>
<rule><repositoryKey>tsql</repositoryKey><key>SA0106</key><priority>MINOR</priority><parameters/></rule>
<rule><repositoryKey>tsql</repositoryKey><key>SA0105</key><priority>MAJOR</priority><parameters/></rule>
<rule><repositoryKey>tsql</repositoryKey><key>SA0108</key><priority>MAJOR</priority><parameters/></rule>
<rule><repositoryKey>tsql</repositoryKey><key>EX0018</key><priority>MAJOR</priority><parameters/></rule>
<rule><repositoryKey>tsql</repositoryKey><key>SA0107</key><priority>MINOR</priority><parameters/></rule>
<rule><repositoryKey>tsql</repositoryKey><key>SA0110</key><priority>MINOR</priority><parameters/></rule>
<rule><repositoryKey>tsql</repositoryKey><key>SA0111</key><priority>MINOR</priority><parameters/></rule>
<rule><repositoryKey>tsql</repositoryKey><key>SA0065B</key><priority>MINOR</priority><parameters/></rule>
<rule><repositoryKey>tsql</repositoryKey><key>SA0065A</key><priority>MAJOR</priority><parameters/></rule>
<rule><repositoryKey>tsql</repositoryKey><key>SA0060</key><priority>MAJOR</priority><parameters/></rule>
<rule><repositoryKey>tsql</repositoryKey><key>SA0115</key><priority>MAJOR</priority><parameters/></rule>
<rule><repositoryKey>tsql</repositoryKey><key>SA0113</key><priority>CRITICAL</priority><parameters/></rule>
<rule><repositoryKey>tsql</repositoryKey><key>SA0119</key><priority>MAJOR</priority><parameters/></rule>
<rule><repositoryKey>tsql</repositoryKey><key>SA0118</key><priority>MINOR</priority><parameters/></rule>
<rule><repositoryKey>tsql</repositoryKey><key>SA0117</key><priority>MAJOR</priority><parameters/></rule>
<rule><repositoryKey>tsql</repositoryKey><key>SA0116</key><priority>MAJOR</priority><parameters/></rule>
<rule><repositoryKey>tsql</repositoryKey><key>SA0013</key><priority>CRITICAL</priority><parameters/></rule>
<rule><repositoryKey>tsql</repositoryKey><key>SA0120</key><priority>MINOR</priority><parameters/></rule>
<rule><repositoryKey>tsql</repositoryKey><key>SA0014</key><priority>CRITICAL</priority><parameters/></rule>
<rule><repositoryKey>tsql</repositoryKey><key>SA0121</key><priority>CRITICAL</priority><parameters/></rule>
<rule><repositoryKey>tsql</repositoryKey><key>SA0015</key><priority>CRITICAL</priority><parameters/></rule>
<rule><repositoryKey>tsql</repositoryKey><key>SA0122</key><priority>MAJOR</priority><parameters/></rule>
<rule><repositoryKey>tsql</repositoryKey><key>SA0016</key><priority>MINOR</priority><parameters/></rule>
<rule><repositoryKey>tsql</repositoryKey><key>SA0017</key><priority>BLOCKER</priority><parameters/></rule>
<rule><repositoryKey>tsql</repositoryKey><key>SA0070A</key><priority>MAJOR</priority><parameters/></rule>
<rule><repositoryKey>tsql</repositoryKey><key>SA0018</key><priority>MAJOR</priority><parameters/></rule>
<rule><repositoryKey>tsql</repositoryKey><key>SA0019</key><priority>MINOR</priority><parameters/></rule>
<rule><repositoryKey>tsql</repositoryKey><key>SA0093</key><priority>MAJOR</priority><parameters/></rule>
<rule><repositoryKey>tsql</repositoryKey><key>SA0094</key><priority>MAJOR</priority><parameters/></rule>
<rule><repositoryKey>tsql</repositoryKey><key>SA0095</key><priority>MAJOR</priority><parameters/></rule>
<rule><repositoryKey>tsql</repositoryKey><key>SA0096</key><priority>MAJOR</priority><parameters/></rule>
<rule><repositoryKey>tsql</repositoryKey><key>SA0064A</key><priority>MAJOR</priority><parameters/></rule>
<rule><repositoryKey>tsql</repositoryKey><key>SA0114B</key><priority>MAJOR</priority><parameters/></rule>
<rule><repositoryKey>tsql</repositoryKey><key>SA0097</key><priority>CRITICAL</priority><parameters/></rule>
<rule><repositoryKey>tsql</repositoryKey><key>SA0098</key><priority>MAJOR</priority><parameters/></rule>
<rule><repositoryKey>tsql</repositoryKey><key>SA0099</key><priority>MAJOR</priority><parameters/></rule>
<rule><repositoryKey>tsql</repositoryKey><key>SA0064B</key><priority>MINOR</priority><parameters/></rule>
<rule><repositoryKey>tsql</repositoryKey><key>SA0128</key><priority>MAJOR</priority><parameters/></rule>
<rule><repositoryKey>tsql</repositoryKey><key>SA0127</key><priority>MINOR</priority><parameters/></rule>
<rule><repositoryKey>tsql</repositoryKey><key>SA0129</key><priority>MINOR</priority><parameters/></rule>
<rule><repositoryKey>tsql</repositoryKey><key>SA0124</key><priority>MAJOR</priority><parameters/></rule>
<rule><repositoryKey>tsql</repositoryKey><key>SA0010</key><priority>MINOR</priority><parameters/></rule>
<rule><repositoryKey>tsql</repositoryKey><key>SA0123</key><priority>MAJOR</priority><parameters/></rule>
<rule><repositoryKey>tsql</repositoryKey><key>SA0090</key><priority>MAJOR</priority><parameters/></rule>
<rule><repositoryKey>tsql</repositoryKey><key>SA0126</key><priority>MINOR</priority><parameters/></rule>
<rule><repositoryKey>tsql</repositoryKey><key>SA0012</key><priority>MAJOR</priority><parameters/></rule>
<rule><repositoryKey>tsql</repositoryKey><key>SA0091</key><priority>MAJOR</priority><parameters/></rule>
<rule><repositoryKey>tsql</repositoryKey><key>SA0125</key><priority>MINOR</priority><parameters/></rule>
<rule><repositoryKey>tsql</repositoryKey><key>SA0092</key><priority>MAJOR</priority><parameters/></rule>
<rule><repositoryKey>tsql</repositoryKey><key>SA0011</key><priority>CRITICAL</priority><parameters/></rule>
<rule><repositoryKey>tsql</repositoryKey><key>SA0132</key><priority>MAJOR</priority><parameters/></rule>
<rule><repositoryKey>tsql</repositoryKey><key>SA0004</key><priority>MINOR</priority><parameters/></rule>
<rule><repositoryKey>tsql</repositoryKey><key>SA0133</key><priority>MAJOR</priority><parameters/></rule>
<rule><repositoryKey>tsql</repositoryKey><key>SA0005</key><priority>MINOR</priority><parameters/></rule>
<rule><repositoryKey>tsql</repositoryKey><key>SA0130</key><priority>CRITICAL</priority><parameters/></rule>
<rule><repositoryKey>tsql</repositoryKey><key>SA0002</key><priority>MINOR</priority><parameters/></rule>
<rule><repositoryKey>tsql</repositoryKey><key>SA0003</key><priority>CRITICAL</priority><parameters/></rule>
<rule><repositoryKey>tsql</repositoryKey><key>SA0131</key><priority>MINOR</priority><parameters/></rule>
<rule><repositoryKey>tsql</repositoryKey><key>SA0042B</key><priority>MINOR</priority><parameters/></rule>
<rule><repositoryKey>tsql</repositoryKey><key>SA0059A</key><priority>MAJOR</priority><parameters/></rule>
<rule><repositoryKey>tsql</repositoryKey><key>SA0008</key><priority>MAJOR</priority><parameters/></rule>
<rule><repositoryKey>tsql</repositoryKey><key>SA0009</key><priority>MINOR</priority><parameters/></rule>
<rule><repositoryKey>tsql</repositoryKey><key>SA0006</key><priority>MINOR</priority><parameters/></rule>
<rule><repositoryKey>tsql</repositoryKey><key>SA0007</key><priority>MINOR</priority><parameters/></rule>
<rule><repositoryKey>tsql</repositoryKey><key>SA0042A</key><priority>MAJOR</priority><parameters/></rule>
<rule><repositoryKey>tsql</repositoryKey><key>SA0049B</key><priority>MINOR</priority><parameters/></rule>
<rule><repositoryKey>tsql</repositoryKey><key>SA0084</key><priority>MAJOR</priority><parameters/></rule>
<rule><repositoryKey>tsql</repositoryKey><key>SA0085</key><priority>MAJOR</priority><parameters/></rule>
<rule><repositoryKey>tsql</repositoryKey><key>SA0082</key><priority>MINOR</priority><parameters/></rule>
<rule><repositoryKey>tsql</repositoryKey><key>SA0083</key><priority>MAJOR</priority><parameters/></rule>
<rule><repositoryKey>tsql</repositoryKey><key>SA0088</key><priority>MAJOR</priority><parameters/></rule>
<rule><repositoryKey>tsql</repositoryKey><key>SA0063B</key><priority>MINOR</priority><parameters/></rule>
<rule><repositoryKey>tsql</repositoryKey><key>SA0063A</key><priority>MAJOR</priority><parameters/></rule>
<rule><repositoryKey>tsql</repositoryKey><key>SA0089</key><priority>BLOCKER</priority><parameters/></rule>
<rule><repositoryKey>tsql</repositoryKey><key>EX0004</key><priority>INFO</priority><parameters/></rule>
<rule><repositoryKey>tsql</repositoryKey><key>SA0086</key><priority>MAJOR</priority><parameters/></rule>
<rule><repositoryKey>tsql</repositoryKey><key>SA0087</key><priority>MAJOR</priority><parameters/></rule>
<rule><repositoryKey>tsql</repositoryKey><key>EX0007</key><priority>MAJOR</priority><parameters/></rule>
<rule><repositoryKey>tsql</repositoryKey><key>SA0059B</key><priority>MAJOR</priority><parameters/></rule>
<rule><repositoryKey>tsql</repositoryKey><key>EX0005</key><priority>INFO</priority><parameters/></rule>
<rule><repositoryKey>tsql</repositoryKey><key>EX0006</key><priority>MAJOR</priority><parameters/></rule>
<rule><repositoryKey>tsql</repositoryKey><key>SA0001</key><priority>CRITICAL</priority><parameters/></rule>
<rule><repositoryKey>tsql</repositoryKey><key>SA0080</key><priority>MAJOR</priority><parameters/></rule>
<rule><repositoryKey>tsql</repositoryKey><key>SA0136</key><priority>MAJOR</priority><parameters/></rule>
<rule><repositoryKey>tsql</repositoryKey><key>SA0081</key><priority>MAJOR</priority><parameters/></rule>
<rule><repositoryKey>tsql</repositoryKey><key>SA0135</key><priority>MINOR</priority><parameters/></rule>
<rule><repositoryKey>tsql</repositoryKey><key>EX0009</key><priority>MINOR</priority><parameters/></rule>
<rule><repositoryKey>tsql</repositoryKey><key>SA0134</key><priority>MAJOR</priority><parameters/></rule>
<rule><repositoryKey>tsql</repositoryKey><key>SA0069A</key><priority>MAJOR</priority><parameters/></rule>
<rule><repositoryKey>tsql</repositoryKey><key>SA0039</key><priority>MINOR</priority><parameters/></rule>
<rule><repositoryKey>tsql</repositoryKey><key>SA0142</key><priority>MAJOR</priority><parameters/></rule>
<rule><repositoryKey>tsql</repositoryKey><key>SA0036</key><priority>MINOR</priority><parameters/></rule>
<rule><repositoryKey>tsql</repositoryKey><key>SA0141</key><priority>MAJOR</priority><parameters/></rule>
<rule><repositoryKey>tsql</repositoryKey><key>SA0035</key><priority>MINOR</priority><parameters/></rule>
<rule><repositoryKey>tsql</repositoryKey><key>SA0144</key><priority>BLOCKER</priority><parameters/></rule>
<rule><repositoryKey>tsql</repositoryKey><key>SA0038</key><priority>MINOR</priority><parameters/></rule>
<rule><repositoryKey>tsql</repositoryKey><key>SA0143</key><priority>MAJOR</priority><parameters/></rule>
<rule><repositoryKey>tsql</repositoryKey><key>SA0037</key><priority>MINOR</priority><parameters/></rule>
<rule><repositoryKey>tsql</repositoryKey><key>SA0092B</key><priority>MAJOR</priority><parameters/></rule>
<rule><repositoryKey>tsql</repositoryKey><key>SA0031</key><priority>MINOR</priority><parameters/></rule>
<rule><repositoryKey>tsql</repositoryKey><key>SA0145</key><priority>MAJOR</priority><parameters/></rule>
<rule><repositoryKey>tsql</repositoryKey><key>SA0146</key><priority>MAJOR</priority><parameters/></rule>
<rule><repositoryKey>tsql</repositoryKey><key>SA0032</key><priority>MINOR</priority><parameters/></rule>
<rule><repositoryKey>tsql</repositoryKey><key>SA0147</key><priority>MAJOR</priority><parameters/></rule>
<rule><repositoryKey>tsql</repositoryKey><key>SA0033</key><priority>CRITICAL</priority><parameters/></rule>
<rule><repositoryKey>tsql</repositoryKey><key>SA0148</key><priority>MINOR</priority><parameters/></rule>
<rule><repositoryKey>tsql</repositoryKey><key>SA0034</key><priority>MINOR</priority><parameters/></rule>
<rule><repositoryKey>tsql</repositoryKey><key>SA0062B</key><priority>MINOR</priority><parameters/></rule>
<rule><repositoryKey>tsql</repositoryKey><key>SA0030</key><priority>CRITICAL</priority><parameters/></rule>
<rule><repositoryKey>tsql</repositoryKey><key>SA0072A</key><priority>MAJOR</priority><parameters/></rule>
<rule><repositoryKey>tsql</repositoryKey><key>SA0062A</key><priority>MAJOR</priority><parameters/></rule>
<rule><repositoryKey>tsql</repositoryKey><key>SA0050B</key><priority>MAJOR</priority><parameters/></rule>
<rule><repositoryKey>tsql</repositoryKey><key>SA0029</key><priority>CRITICAL</priority><parameters/></rule>
<rule><repositoryKey>tsql</repositoryKey><key>SA0028</key><priority>MAJOR</priority><parameters/></rule>
<rule><repositoryKey>tsql</repositoryKey><key>SA0027</key><priority>MINOR</priority><parameters/></rule>
<rule><repositoryKey>tsql</repositoryKey><key>SA0026</key><priority>MAJOR</priority><parameters/></rule>
<rule><repositoryKey>tsql</repositoryKey><key>SA0025</key><priority>BLOCKER</priority><parameters/></rule>
<rule><repositoryKey>tsql</repositoryKey><key>SA0024</key><priority>BLOCKER</priority><parameters/></rule>
<rule><repositoryKey>tsql</repositoryKey><key>SA0022</key><priority>MAJOR</priority><parameters/></rule>
<rule><repositoryKey>tsql</repositoryKey><key>SA0023</key><priority>MINOR</priority><parameters/></rule>
<rule><repositoryKey>tsql</repositoryKey><key>SA0020</key><priority>BLOCKER</priority><parameters/></rule>
<rule><repositoryKey>tsql</repositoryKey><key>SA0021</key><priority>CRITICAL</priority><parameters/></rule>
<rule><repositoryKey>tsql</repositoryKey><key>SA0061A</key><priority>MAJOR</priority><parameters/></rule>
<rule><repositoryKey>tsql</repositoryKey><key>SA0061B</key><priority>MINOR</priority><parameters/></rule>
<rule><repositoryKey>tsql</repositoryKey><key>SA0071A</key><priority>MAJOR</priority><parameters/></rule>
<rule><repositoryKey>tsql</repositoryKey><key>SA0043B</key><priority>CRITICAL</priority><parameters/></rule>
<rule><repositoryKey>tsql</repositoryKey><key>SA0043A</key><priority>MAJOR</priority><parameters/></rule>
<rule><repositoryKey>tsql</repositoryKey><key>SA0058</key><priority>MINOR</priority><parameters/></rule>
<rule><repositoryKey>tsql</repositoryKey><key>SA0057</key><priority>MINOR</priority><parameters/></rule>
<rule><repositoryKey>tsql</repositoryKey><key>SA0067A</key><priority>MAJOR</priority><parameters/></rule>
<rule><repositoryKey>tsql</repositoryKey><key>SA0050</key><priority>MAJOR</priority><parameters/></rule>
<rule><repositoryKey>tsql</repositoryKey><key>SA0074A</key><priority>MAJOR</priority><parameters/></rule>
<rule><repositoryKey>tsql</repositoryKey><key>SA0051</key><priority>MINOR</priority><parameters/></rule>
<rule><repositoryKey>tsql</repositoryKey><key>SA0052</key><priority>CRITICAL</priority><parameters/></rule>
<rule><repositoryKey>tsql</repositoryKey><key>SA0054</key><priority>MINOR</priority><parameters/></rule>
<rule><repositoryKey>tsql</repositoryKey><key>SA0055</key><priority>MINOR</priority><parameters/></rule>
<rule><repositoryKey>tsql</repositoryKey><key>SA0056</key><priority>MAJOR</priority><parameters/></rule>
<rule><repositoryKey>tsql</repositoryKey><key>SA0049</key><priority>MAJOR</priority><parameters/></rule>
<rule><repositoryKey>tsql</repositoryKey><key>SA0048</key><priority>MAJOR</priority><parameters/></rule>
<rule><repositoryKey>tsql</repositoryKey><key>SA0047</key><priority>MINOR</priority><parameters/></rule>
<rule><repositoryKey>tsql</repositoryKey><key>SA0046</key><priority>MAJOR</priority><parameters/></rule>
<rule><repositoryKey>tsql</repositoryKey><key>SA0068A</key><priority>MAJOR</priority><parameters/></rule>
<rule><repositoryKey>tsql</repositoryKey><key>SA0040</key><priority>MINOR</priority><parameters/></rule>
<rule><repositoryKey>tsql</repositoryKey><key>SA0073A</key><priority>MAJOR</priority><parameters/></rule>
<rule><repositoryKey>tsql</repositoryKey><key>SA0041</key><priority>MINOR</priority><parameters/></rule>
<rule><repositoryKey>tsql</repositoryKey><key>SA0044</key><priority>MAJOR</priority><parameters/></rule>
<rule><repositoryKey>tsql</repositoryKey><key>SA0045</key><priority>MAJOR</priority><parameters/></rule>
<rule><repositoryKey>tsql</repositoryKey><key>SA0100</key><priority>MAJOR</priority><parameters/></rule>
<rule><repositoryKey>tsql</repositoryKey><key>SA0053A</key><priority>MAJOR</priority><parameters/></rule>
<rule><repositoryKey>tsql</repositoryKey><key>SA0079</key><priority>MINOR</priority><parameters/></rule>
<rule><repositoryKey>tsql</repositoryKey><key>SA0053B</key><priority>MAJOR</priority><parameters/></rule>
<rule><repositoryKey>tsql</repositoryKey><key>SA0048B</key><priority>MAJOR</priority><parameters/></rule>
<rule><repositoryKey>tsql</repositoryKey><key>SA0075</key><priority>MAJOR</priority><parameters/></rule>
<rule><repositoryKey>tsql</repositoryKey><key>EX0012</key><priority>MAJOR</priority><parameters/></rule>
<rule><repositoryKey>tsql</repositoryKey><key>SA0109</key><priority>MAJOR</priority><parameters/></rule>
<rule><repositoryKey>tsql</repositoryKey><key>SA0076</key><priority>MAJOR</priority><parameters/></rule>
<rule><repositoryKey>tsql</repositoryKey><key>SA0112A</key><priority>MAJOR</priority><parameters/></rule>
<rule><repositoryKey>tsql</repositoryKey><key>EX0013</key><priority>MAJOR</priority><parameters/></rule>
<rule><repositoryKey>tsql</repositoryKey><key>SA0112B</key><priority>MAJOR</priority><parameters/></rule>
<rule><repositoryKey>tsql</repositoryKey><key>SA0077</key><priority>MINOR</priority><parameters/></rule>
<rule><repositoryKey>tsql</repositoryKey><key>EX0014</key><priority>MAJOR</priority><parameters/></rule>
<rule><repositoryKey>tsql</repositoryKey><key>SA0078</key><priority>MAJOR</priority><parameters/></rule>
<rule><repositoryKey>tsql</repositoryKey><key>EX0015</key><priority>MAJOR</priority><parameters/></rule>
<rule><repositoryKey>tsql</repositoryKey><key>SA0066A</key><priority>MAJOR</priority><parameters/></rule>
<rule><repositoryKey>tsql</repositoryKey><key>SA0150</key><priority>MAJOR</priority><parameters/></rule>
<rule><repositoryKey>tsql</repositoryKey><key>SA0151</key><priority>MAJOR</priority><parameters/></rule>
<rule><repositoryKey>tsql</repositoryKey><key>SA0152</key><priority>MAJOR</priority><parameters/></rule>
<rule><repositoryKey>tsql</repositoryKey><key>SA0153</key><priority>MAJOR</priority><parameters/></rule>
<rule><repositoryKey>tsql</repositoryKey><key>SA0154</key><priority>MAJOR</priority><parameters/></rule>
<rule><repositoryKey>tsql</repositoryKey><key>SA0154B</key><priority>MAJOR</priority><parameters/></rule>
<rule><repositoryKey>tsql</repositoryKey><key>SA0155</key><priority>MAJOR</priority><parameters/></rule>
<rule><repositoryKey>tsql</repositoryKey><key>SA0155B</key><priority>MAJOR</priority><parameters/></rule>
<rule><repositoryKey>tsql</repositoryKey><key>SA0156</key><priority>MAJOR</priority><parameters/></rule>
<rule><repositoryKey>tsql</repositoryKey><key>SA0157</key><priority>MAJOR</priority><parameters/></rule>
<rule><repositoryKey>tsql</repositoryKey><key>SA0158</key><priority>MAJOR</priority><parameters/></rule>
<rule><repositoryKey>tsql</repositoryKey><key>SA0159</key><priority>MAJOR</priority><parameters/></rule>
<rule><repositoryKey>tsql</repositoryKey><key>SA0160</key><priority>MAJOR</priority><parameters/></rule>
<rule><repositoryKey>tsql</repositoryKey><key>SA0161</key><priority>MAJOR</priority><parameters/></rule>
<rule><repositoryKey>tsql</repositoryKey><key>SA0162</key><priority>MAJOR</priority><parameters/></rule>
<rule><repositoryKey>tsql</repositoryKey><key>SA0163</key><priority>MAJOR</priority><parameters/></rule>
<rule><repositoryKey>tsql</repositoryKey><key>SA0163B</key><priority>MAJOR</priority><parameters/></rule>
<rule><repositoryKey>tsql</repositoryKey><key>SA0164</key><priority>MAJOR</priority><parameters/></rule>
<rule><repositoryKey>tsql</repositoryKey><key>SA0114</key><priority>MAJOR</priority><parameters/></rule>
</rules>
</profile>